Round,Player Name,Bid,Value,Plan,Overbid,Underbid,First,risk2,strategy2,understand2
0,Bidder Andy,63.0,63.0,"Plan to test the associative approach, restating value by previous bids' closeness to maximum. Then lowball strategy to measure potential profits when betting under average. Also, an equivalent bid to value strategy for consistency test. Lastly, aggressive overbidding above true value to grasp potential windfalls. Aim is to study these results, consolidate data and adjust future strategies based on these analysis. ",False,False,False,0,0,1
0,Bidder Betty,38.5,77.0,"Initial rounds will follow a moderate bidding strategy, bidding half of the prize value. This helps gather data on other bidder's behavior. If losing, increase bids to test aggressive strategy. If winnings are stable, experiment with lower bids to find a possibly better balance between risk and reward. Use previous round data to find trends in Andy and Charles's bidding habits and adjust bids to exploit this. Also apply random bidding sometimes to keep opponents guessing.",False,True,False,0,0,1
0,Bidder Charles,49.0,61.0,"Plan to test a reactive strategy, adjusting bids based on previous rounds' highest bids. Initially start bidding at middle range, around $49, to both observe others' strategies and minimize early losses. Gradually increase or decrease bid by up to 10% depending on competition. Also, in rounds where value is extremely high, bidding aggressively up to $90 to capitalize. Alternatively, when value is low, considering underbid or intentionally losing to keep competition unaware of our strategy since winning these rounds is not profitable.",False,True,False,0,0,1
1,Bidder Andy,9.0,19.0,"Testing a lowball strategy, underbid my value by almost 50% to understand lowest successful bids. Meanwhile, maintain occasional value bidding to monitor consistency. Lastly, overbid by 20% in a few cases to gather data on risky overbidding.",False,True,False,1,1,1
1,Bidder Betty,15.4,22.0,"In the next don't rounds, elevate my bid to about 70% of the value to evaluate the results. If wins are infrequent, bid more aggressively, matching the value. Lastly, if stable, I'll adopt a riskier strategy, bidding significantly lower, to assess risk-reward balance.",False,True,False,0,1,1
1,Bidder Charles,0.0,2.0,"Plan to progressively increase bids each round by 10%, while bidding aggressively for high values. For low values, bid conservatively to save on potential losses. Learn from each round's outcome and adjust the bidding strategy accordingly for maximum long-term profitability.",False,True,False,0,1,0
2,Bidder Andy,20.0,32.0,"Experiment with a medium-risk strategy by bidding slightly above average previous winning bids. Revise the lowball tactic by reducing bid to 30-40% of value. Maintain occasional value-to-bid tests, and implement aggressive overbidding sporadically.",False,True,False,1,0,1
2,Bidder Betty,75.2,94.0,"Next rounds, I'll predominantly bid at 80% of my value to test higher bid responses. Infrequently, I will underbid as before to keep my strategy unpredictable. I'll monitor opponents' trends to optimize my tactics to maximize my long-term profit.",False,True,False,0,0,1
2,Bidder Charles,1.0,8.0,"Test aggressive strategy for high values again. For low values, underbid considering the risk of loss. Gradually adjust bids to be closer to previous rounds' highest bids. Observe competition's strategy and adapt for maximum profit.",False,True,False,0,1,0
3,Bidder Andy,3.0,7.0,"Continuing on the exploration strategy, for upcoming auctions I plan to incorporate bidding patterns based on game progression, varying bid values between 40-70% of the drawn value, as well as rare, high-risk bids above value for outlier data. Particular attention will be paid to bid adjustments correlating with competitors' tactics.",False,True,False,0,0,1
3,Bidder Betty,60.0,75.0,"Condensing the information gathered from previous rounds, I'll adapt a flexible bidding approach: approximating 80% of the value generally, randomly underbidding for uncertainty and monitoring opponent trends, while optimizing for minimal bidding above the second highest bid to maximize profit.",False,True,False,0,0,1
3,Bidder Charles,82.0,76.0,"For high values test bidding closer to maximum value, taking calculated risks to win. For low values, maintain conservative strategy. Continue to adapt based on competitor behavior and bid trends for competitive and profitable outcomes.",True,False,False,1,0,0
4,Bidder Andy,84.0,83.0,"Evaluate a more aggressive approach with occasional bids equalling value and a higher percentage of overbidding. Also, maintain a tactical lowball strategy less frequently. Observe competitor behaviour closely to adjust bids proactively for higher profit chances.",True,False,False,1,0,1
4,Bidder Betty,35.0,50.0,"In future rounds, conservatively bid 70-80% of value. Occasionally, place a lower bid for unpredictability. Analyze opponents' trends to optimize tactics. Avoid excessive bids above the second highest. Focus on balancing risk with increasing total profit rather than individual round wins.",False,True,False,0,0,1
4,Bidder Charles,10.0,12.0,"Continue testing aggressive strategy for high values, bid up to 80% of the value. For low values, underbid to mitigate losses. Use patterns from previous bidding rounds to predict competitors' strategies and adjust bids accordingly.",False,True,False,0,0,1
5,Bidder Andy,3.0,7.0,"Proceed with strategy iteration by infusing 40-60% contact value bids, occasional value bids, and calculated overbidding. Increase usage of medium lowball bids based on previous rival bids. Explore risk management through graduated bid adjustments, noting fluctuations in competitors' tactics, to improve profit potential.",False,True,False,0,0,0
5,Bidder Betty,11.2,16.0,"Plan to test a dynamic strategy, generally bidding 70% of value. Occasionally bid lower for unpredictability. Focus on trending patterns among opponents, aim for minimal overbid above the second highest. Balance risks with potential long-term profit increase.",False,True,False,0,0,1
5,Bidder Charles,64.6,76.0,"Implement dynamic strategy: bid aggressively (up to 85% of value) for high values, conservatively for mid-values, and minimal for low values. Monitor competitors' bids closely to adapt accordingly for future rounds.",False,True,False,0,0,1
6,Bidder Andy,32.0,40.0,"Plan to incorporate a mix of strategies: lowball bids around 30-40% of value, value equal bids, and sporadic aggressive overbidding above value by 10-20%. Also observe competitors' patterns closely for dynamic strategy adjustment.",False,True,False,0,0,1
6,Bidder Betty,34.3,49.0,"Going forward, my strategy will involve primarily bidding 70% of value, unless patterns suggest it would be beneficial to bid higher. I will occasionally underbid to introduce unpredictability, while closely monitoring opponent trends and aiming for minimum necessary overbids.",False,True,False,0,0,1
6,Bidder Charles,15.6,26.0,"For high values, bid around 75% of the value, for average values bid up to 60% and for low values, underbid. Continue learning patterns from competitors' bids to dynamically adjust own bid, maximizing profit.",False,True,False,0,0,0
7,Bidder Andy,23.0,19.0,"Plan to explore a slightly assertive strategy, moderately overbidding than the value. Continue value equal bids, but mitigate aggressive lowball bids. Adapt bid based on previously successful competitors' bid range. Refine strategies as I gather more data.",True,False,False,1,0,1
7,Bidder Betty,32.2,46.0,Maintain bidding at roughly 70% of value. Incorporate unpredictable lower bids occasionally. Monitor opponents' trends and adjust bids to always slightly surpass second highest bidder when possible. Test modest variances in my bids to optimize profitability without overextending financially.,False,True,False,0,0,1
7,Bidder Charles,73.8,82.0,"Plan: Continue observing competitor bids. For high values ($80-99), bid aggressively up to 90%. For mid-range ($30-$79), bid 50-70% of value. For low values (below $30), underbid with 10% of the value. Adapt strategy if recurring patterns are detected in competitors' bids.",False,True,False,1,0,1
8,Bidder Andy,19.0,19.0,"Next, I'll incorporate a mix of cautious and assertive strategies: bids equivalent to value for consistent comparison, lowball bids of 20-30% of my value to test profit margins, and assertive overbids of 10-20% value. I'll adjust bids dynamically considering competitors' patterns and past round data.",False,False,False,0,0,1
8,Bidder Betty,33.0,45.0,"I plan to following a temperate strategy, fluctuating between 70-80% value bids. Occasionally, I'll bid lower to create uncertainty. By pragmatically tracking opponents' trends, I'll aim to minimally outbid the second highest bidder. Adopting this variable strategy I believe will lead to optimization of profitability.",False,True,False,0,0,0
8,Bidder Charles,74.0,83.0,"Plan: Maintain aggressive strategy for high values. For mid-range, adjust bids to around 45-60%. For low-value rounds, underbid. Monitor changing patterns in competitor bids and adjust bids strategically to maximize profits in the long run.",False,True,False,1,0,1
9,Bidder Andy,84.0,83.0,"Next, plans include testing low-risk strategies by bidding near or slightly below value. Additionally, more strategic overbidding will be employed, based on competitors' past trends. Also, infrequent lowbids to understand lowest winning bid correlation with drawn values. The goal remains maximizing long-term profit while gathering data for strategic adjustments.",True,False,False,0,0,0
9,Bidder Betty,70.0,93.0,"In subsequent rounds, follow a dynamic strategy, placing bids between 70-80% of the value. Introduce unpredictability through occasional lower bids. Continuously monitor opponents' trends and adjust my bids slightly above the second highest, testing varying degrees of aggressive bidding to optimize profitability.",False,True,False,0,0,1
9,Bidder Charles,71.0,79.0,"Maintain aggressive strategy for high values, bidding up to 90% of value. For midrange values, adjust bids to around 50-70%. For low values, consider underbidding at about 10-30%. Keep strategizing dynamically based on observed competitor bids and past performance.",False,True,False,1,0,1
10,Bidder Andy,37.0,32.0,"Continue to test mixed strategies by: bidding close to value for consistency; lowball bids around 20-40%; occasional overbatis at 10-20% above value, considering competitors' trends. Next, plan to introduce random high-risk overbidding to test profit boundaries.",True,False,False,1,0,1
10,Bidder Betty,29.0,36.0,"In future rounds, main strategy will involve bidding around 80% of value. Still, assess other bidders' trends while incorporating unpredictability with occasional lower bids. Test subtle increases in bidding closer to value for high-value scenarios to potentially maximize profits.",False,True,False,0,0,1
10,Bidder Charles,53.0,66.0,"Plan: For high values ($70-$99), bid aggressively around 85-90% of value. For average values ($30-$69), bid moderately (around 45-60%). For low values, bid conservatively (10-30%). Continue observing competitor behavior and adjust strategies to maximize profit.",False,True,False,0,0,1
11,Bidder Andy,75.0,78.0,"Guided by past results, my future strategy will be a calculated mix of bidding slightly below value, lowball bids of 20-30%, and occasional aggressive overbidding of 10-20%. I'll dynamically adjust bids, observing competitorsâ€™ behavior, aiming to optimize profit margins and experiment with risk bounds.",False,True,False,0,0,1
11,Bidder Betty,67.0,79.0,"Plan to increase bids to approximately 85% of value. Simultaneously, observe rivals' trends and adjust bid to exceed second highest bid minimally. Occasionally introduce unpredictability through random low bids. Closely monitor the outcome of this aggressive strategy for optimization.",False,True,False,1,0,1
11,Bidder Charles,65.0,73.0,"Plan: Maintain aggressive bidding (80-90%) for high values ($70-$99). For average values ($30-$69), implement moderate bidding (50-70%). For low values, underbid conservatively (10-30%). Adjust strategies as patterns emerge in competitor bids to maximize long-term profits.",False,True,False,1,0,1
12,Bidder Andy,14.0,30.0,"Continuing with a strategic mix, plan to test more lowball bids between 20-30% and 40-50% of value, along with frequent bids close to actual value. Introduce minor random overbidding up to 10% above value while considering competitors' pattern analysis text.",False,True,False,0,0,0
12,Bidder Betty,10.0,12.0,"Plan to carefully increase bids to around 85% of the drawn value. Moreover, add elements of unpredictability with occasional low bids to throw off opponents. Continually evaluate opponent trends and adjust strategy to barely exceed second highest bids.",False,True,False,0,0,1
12,Bidder Charles,0.0,0.0,"Plan: Apply aggressive strategy for high values by bidding up to 95%. Adaptively bid 55-70% for mid-range values. For low values, underbid at 10-30%. Continue to analyze competitors' behavior to refine bidding strategy, with a focus on long-term profitability.",False,False,False,0,0,0
13,Bidder Andy,67.0,68.0,"Employ a dynamic strategy of testing low-risk, lowball bids of 20-40% value, regular bids near actual value, and occasional overbidding. Strategically adjust bidding based on competitor patterns and past results to understand winning thresholds, balance risk and reward, and maximize long-term profits.",False,True,False,0,0,1
13,Bidder Betty,48.45,57.0,"Strategize primarily bidding 85% of the value. Regularly monitor opponent bidding patterns, adjust my bids to slightly beat the second highest. Occasionally bid lower for unpredictability. Adjust strategy based on results, maximizing profits over numerous rounds rather than each individual auction.",False,True,False,0,0,1
13,Bidder Charles,6.3,14.0,"Next, test bidding 45-50% for mid-values, 95-99% for high values, and 5-10% for low values. Continuously adapt strategies based on competitor bids. Test sparingly aggressive bids in mid-range to capitalize on potential successes.",False,True,False,0,0,0
14,Bidder Andy,8.0,16.0,"Test a diverse strategy: incorporate value-close bids, lowball bids around 20-30% of value, and cautious overbidding of 10-15%. Consider competitive trends and data from past results, adjusting bids dynamically. Introduce rare high-risk overbidding situations to explore profit limits.",False,True,False,0,0,1
14,Bidder Betty,21.6,24.0,"Increase bid to 90% of value occasionally for aggressive play. Navigate to win with minimal overbid. Inject unpredictability with random lower bids. Monitor patterns closely, modifying strategy based on results. Strive for most profit overtime, rather than focusing individual auction win.",False,True,False,1,0,1
14,Bidder Charles,23.0,46.0,"Next, test bidding aggressively at 90% for high values, 50% for middle values and 10% for low values. Also, experiment with matching the previous round's winning bid to test competitors' adaptability, while observing patterns for dynamic adjustments.",False,True,False,0,0,1
0,Bidder Andy,63.0,63.0,"Plan to test multiple bidding strategies, including aggressive high bids to gain data on competitors' tendencies, low-range bids to learn behavior when 'outscored', and mid-range bids for balanced insight. Also, I will track bidding patterns and adapt: if competitors bid high, I will explore lower-end; if they bid lower, I'll test high bids. Furthermore, I will experiment with randomized bidding to create uncertainty, and sequential lowering or raising bids by small increments strategy.",False,False,False,0,0,1
0,Bidder Betty,77.0,77.0,"Initially, I plan to make medium to high bids, in the range of $50 to $99 to gather data on my opponents' strategies. Then, based on the bidding behavior of Andy and Charles, I'll adapt my strategy. If they are consistently bidding low, I'll reduce my bids to slightly above their average for potential profits. If they bid high, I'll selectively bid high when my value is high and bid low otherwise. Periodically, I'll make aggressive high bids for observational purposes. This mix of strategic and aggressive bidding will optimize user profit in the long run.",False,False,False,0,0,1
0,Bidder Charles,80.0,61.0,"I plan to experiment with a range of bids from high, medium, to low values to gauge competition and assess possible profit margins. I will first start with aggressive high bids for data collection. If unsuccessful or margins are thin, I will transition to conservative low bids, then to moderate bids based on the data and competition pattern. Through progressive learning and adjusting bid strategy, I aim to maximize profit in the long run without risking too much capital in the early stage.",True,False,False,1,0,0
1,Bidder Andy,46.0,19.0,"I plan to test low and high-end bidding. Specifically, I'll place lower bids in the range of $45-$50, and higher bids around $80-$85. I'll closely observe the bidding patterns of Betty and Charles to adjust my strategy as needed in future rounds.",True,False,False,0,1,0
1,Bidder Betty,35.0,22.0,"Plan to opt for diverse strategies by trying lower bids, around $30-$45, in a few rounds, along with occasional aggressive high bids on higher valued draws. This variety will allow us to observe any patterns or reactions from Andy and Charles.",True,False,False,1,0,0
1,Bidder Charles,98.0,2.0,"I propose a sequential strategy. Firstly, bid aggressively high, likely over the value, to monitor other bids. Then bid slightly above half value, gauging middle ground competition. Lastly, test low bids, lower than half our value for understanding bottom line. Adjust strategy based on learnings.",True,False,False,1,0,0
2,Bidder Andy,75.0,32.0,"I'll test random bidding, within $60-$90, to maximize chances of winning. Also, I'll observe and adapt to the opponents' patterns. If both consistently bid high, I'll test a contrarian low-bidding strategy.",True,False,False,1,0,0
2,Bidder Betty,88.0,94.0,"I'll move to bid conservatively around $30-$40 for values under $50, place higher bids for values parallel to mine for values over $60, and occasionally, place aggressive bids to observe reactions.",False,True,False,0,0,1
2,Bidder Charles,4.0,8.0,"In the next few rounds, I'll follow a revised bidding strategy. Starting with conservative low bids, slightly below or equal to half the prize value. Then shifting to moderate bids of around the exact value, thereby adjusting my bids based on observed competitors' behaviours.",False,True,False,0,0,0
3,Bidder Andy,70.0,7.0,"Next, I'll bid around $60-$80. Create uncertainty through variability, but stay within a strategic range based on competition patterns. Adjust strategy if well-outbid on multiple occasions, and balance experimentation with focusing on increasing total profit.",True,False,False,0,0,1
3,Bidder Betty,74.0,75.0,"I plan to bid close to my value for high values, bid $30-$40 for low values, and occasionally bid aggressively. I'll also subtract $1 from my usual bid to potentially increase profits. Observing Andy and Charles bids will guide the approach.",False,True,False,0,0,1
3,Bidder Charles,76.0,76.0,"For the next rounds, I plan to adopt a mid-range bidding strategy, bidding near my value, to test participant risk tolerance. Analyzing bidding patterns, will determine if returning to a more aggressive or shifting to a lower bid strategy is necessary for long-term profitability.",False,False,False,0,0,1
4,Bidder Andy,51.0,83.0,"For next rounds, I'll shift towards mid-range bids ($40-$60) to mitigate losses. I'll explore gradual increment and sudden decrease strategies to analyze opponents' reactions. I'll continue observing competition patterns, adjusting my bids to maintain competitive edge while minimizing loss.",False,True,False,0,0,0
4,Bidder Betty,50.0,50.0,"Using prior data, I'll continue diversified bidding. For low values, I'll bid $30-$40. For high values, I will bid in line with value. Scattered high-risk bids will also be included for analytical observation of Andy's and Charles's strategies.",False,False,False,0,0,1
4,Bidder Charles,12.0,12.0,"Next, I'll apply diverse strategies to gather insights: start bidding moderately within the high-value range, then decrease gradually to gauge competitors' risk tolerance while minimizing potential losses, and finally, employ a more cautious approach, bidding around half value to observe the lowest competitive threshold.",False,False,False,0,0,1
5,Bidder Andy,44.0,7.0,"I'll experiment with lower bids around $40-$50, anticipating competitors' high bids. Alternatively, mid-to-high value bids will be tested alternately, while observing the bidding patterns. Successfully, variance and uncertainty can be introduced, enabling effective strategy adaptation for profit maximization in long-term.",True,False,False,0,0,1
5,Bidder Betty,15.0,16.0,"Plan to explore varying bids: low bids for low values, closer bids for high values, and intermittently aggressive bids. Experiment with bidding slightly lower than value to increase profit margins. Continue learning from Andy's and Charles's bidding habits to optimise strategy.",False,True,False,0,0,1
5,Bidder Charles,76.0,76.0,"Next rounds will experiment bid amount around value to observe competitors' behavior. If unsuccesful, I'll risk aggressive high bids, then resort to very conservative low bids. This varied approach should help understand contest dynamics and develop a long-term profitable strategy.",False,False,False,0,0,1
6,Bidder Andy,35.0,40.0,"For the next rounds, I intend to explore more unpredictable bidding patterns, leaning towards low bids ($20-$40). Simultaneously, I'll occasionally test sudden high bids, and shift my strategy based on the observed bidding dynamics of Betty and Charles. The goal is long-term profitability through strategy adaptability.",False,True,False,0,0,1
6,Bidder Betty,48.0,49.0,"In the next rounds, I'll mainly bid my value minus $1 for high value draws, bid around $30-$40 for low values, and sporadically bid aggressively. By doing so, I can gather crucial insights about Andy's and Charles's strategies and adjust my own strategy accordingly.",False,True,False,0,0,1
6,Bidder Charles,25.0,26.0,"For the upcoming rounds, I plan to adjust my bidding strategy: initially bidding slightly below my value to balance risk and reward, then progressively lowering my bids to explore the lower competition threshold, and finally, reverting to value-based bids grounded on learned patterns.",False,True,False,0,0,1
7,Bidder Andy,39.0,19.0,"Plan aggressive high bids and sporadic low ones to gather data. Experiment around ranges $30-$40 and $80-$90. Reactively adapt; if opponents bid high, place low bids. If they bid less, choose high bids. Consider randomized bids and small incremental changes for unpredictability benefitting long-term profit.",True,False,False,1,0,0
7,Bidder Betty,45.0,46.0,"For upcoming rounds: continue bidding $1 below my value for high values, around $30-$40 for low values; occasionally bid aggressively. Tactically underbid on higher values to further increase profit margins and gather data on Andy's and Charles's strategies for future advantage.",False,True,False,0,0,1
7,Bidder Charles,85.0,82.0,"Test three strategies: 1. Bid aggressive high, slightly above value. 2. Bid modest, around half value. 3. Adopt a conservative strategy, bidding significantly below value. Iterate cycle, modifying as per findings to achieve long-term profitability.",True,False,False,1,0,0
8,Bidder Andy,33.0,19.0,"In the upcoming rounds, I'll deploy a wide yet unpredictable bidding range between $30-$90. I'll experiment with higher-risk aggressive high bids and conservative low bids to maximize data collection on competition behavior. I'll continue adapting strategies based on observed bidding patterns of Betty and Charles.",True,False,False,1,0,1
8,Bidder Betty,44.0,45.0,"My plan is to continue with diverse strategies. For high value draws, I'll bid just below the value. For low values, I will bid around $30-$40. Occasionally, I'll place aggressive bids to gather data and observe reactions from Andy and Charles.",False,True,False,0,0,1
8,Bidder Charles,83.0,83.0,"Plan: To start, bid aggressively over value. Then, bid modest, around half the value. Finally, employ conservative low bids. Iterate this cycle and modify based on findings, aiming for profitable long-term results.",False,False,False,0,1,1
9,Bidder Andy,75.0,83.0,"Plan to place high-risk aggressive bids ($70-$90) and alternate with conservative lower bids ($30-$50) to gather data. Emphasize unpredictability, adapt in real time based on Betty's and Charles's bidding patterns to maximize long-term profit.",False,True,False,1,0,1
9,Bidder Betty,92.0,93.0,"Plan to bid $1 less on high values, $30-$40 on low values, and sporadically, bid aggressively for data gathering. Continue underbidding on higher values to optimize profit while observing Andy and Charles' strategies.",False,True,False,0,0,1
9,Bidder Charles,89.0,79.0,"Proceed with a mix of strategies: initially bid above value to test upper competitiveness, follow with moderate bids around half value, finish cycling with a conservative strategy, bidding significantly below value. Adjust the sequence based on competitors' behavior for a long-term profitable approach.",True,False,False,1,0,0
10,Bidder Andy,90.0,32.0,"Next, I'll explore high-risk bids in the range of $90-$99 to challenge the current high bidders, along with occasional conservative bids around $50-$60 for diversity and unpredictability. I will continue to monitor competitors' patterns for strategy adjustment.",True,False,False,1,1,0
10,Bidder Betty,35.0,36.0,"Plan to stay flexible; bid $1 less on high values, $30-$40 on low, and occasional aggressive bids. Monitor trends and responses from Andy and Charles to optimize profit. Experiment with bidding slightly more below value on high-valued draws to enhance winnings.",False,True,False,0,0,1
10,Bidder Charles,66.0,66.0,"Plan: I'll adopt an experimental bidding strategy. To start, bid around prize value, then bid significantly above value to test upper limit. Next, bid just below half value, finally bid very low. Adjust and repeat cycle based on profit outcomes and reaction of other bidders.",False,False,False,1,0,0
11,Bidder Andy,66.0,78.0,"Continue a varied bidding strategy, focusing on $40-$70 range. Introduce unpredictability by occasional high-risk bids ($90-$99), and observe responses. Gradually reduce bid amount when my value is low, mitigating losses. Continuously adapt to Betty and Charles's patterns for long-term profit optimization.",False,True,False,0,0,1
11,Bidder Betty,78.0,79.0,"Plan: Maintain bid $1 below value for high draws, bid $30-$40 for low. Occasionally bid above value for data. Incorporate flexible underbidding based on previous round results. Consistently monitor competitors' trends to improve strategy, maximize profits.",False,True,False,0,0,1
11,Bidder Charles,45.0,73.0,"Continue the experimental approach: Bid initially above the value to assess upper limit, follow with moderate bidding around half value or less, then cautiously bid significantly below value. Revise approach based on reward-risk assessment, competitor pattern, and previously observed profitable ranges.",False,True,False,0,0,1
12,Bidder Andy,35.0,30.0,"Will test varying the bid in measures of $5-$10 around my value. Similar low-risk approaches will be tested alternately with random high-risk bids ($85-$99), observing reactions. Adaptability remains crucial for long-term profit maximization.",True,False,False,1,0,0
12,Bidder Betty,11.0,12.0,"Strategy: Continue $1 below value for high draws, $30-$40 for low, occasionally bid aggressively to gather data. Try slightly larger underbids on high-value draws to maximize profit. Consistently observe Andy and Charles for effective adjustments.",False,True,False,0,0,1
12,Bidder Charles,0.0,0.0,"Next plan: Cycle between aggressive, moderate, and conservative bids to test limits. Start with a high bid slightly beyond value, then bid around half value, and finally attempt significantly lower bids. Strategically adjust based on observed patterns for profitable outcomes.",False,False,False,0,0,0
13,Bidder Andy,75.0,68.0,"In the next rounds, I'll try a strategy of bidding around my value plus some increment ranging from $5-$15. Additionally, I'll test occasional strategic high bids near $90-$99, gauging Betty's and Charles's reactions. This varied approach aims at preserving unpredictability while pursuing profit maximization.",True,False,False,1,0,1
13,Bidder Betty,56.0,57.0,"Adapting strategies: For high draws, I'll bid $1 beneath value. For low draws, (around 30-40) I plan to bid $20-35 occasionally, test higher aggressive bids to observe results. Constant observation and adaptation of Andy and Charles strategies for strategic adjustments and long-term profit optimization.",False,True,False,0,0,1
13,Bidder Charles,14.0,14.0,"Moving forward, I'll start with conservative bids, follow with moderate bids around value, then experiment with aggressive overbids. I'll adjust strategy based on competitive analysis, risk-reward balance, and trends, aiming to progressively learn and increase profit margin.",False,False,False,0,0,1
14,Bidder Andy,20.0,16.0,"I'll use a tiered bidding strategy next. For values below $30, I'll bid $20-$40. For values $30-$70, I'll bid within $50-$80. For values above $70, I'll bid $80-$99. Consistent unpredictability and adaption based on Betty's and Charles's behaviours will be my focus.",True,False,False,1,0,0
14,Bidder Betty,23.0,24.0,"I'll continue executing diverse strategies: bid $1 below my value for high values, around $30-$40 for low values, and occasionally high bid to gather data. I will experiment with larger underbids and persistently observe Andy and Charles' trends for strategic adjustments.",False,True,False,0,0,1
14,Bidder Charles,70.0,46.0,"Plan: Start with aggressive overbidding, move to bids slightly below value, and finally test conservative low bids. Modify based on observed patterns, risk assessment, and long-term profitability. This should provide a comprehensive insight into the auction dynamics.",True,False,False,1,0,0
0,Bidder Andy,32.0,32.0,"Plan to test multiple bidding strategies, including aggressive high bids to gain data on competitors' tendencies, low-range bids to learn behavior when 'outscored', and mid-range bids for balanced insight. Also, I will track bidding patterns and adapt: if competitors bid high, I will explore lower-end; if they bid lower, I'll test high bids. Furthermore, I will experiment with randomized bidding to create uncertainty, and sequential lowering or raising bids by small increments strategy.",False,False,False,0,0,1
0,Bidder Betty,80.0,90.0,"Initially, I plan to make medium to high bids, in the range of $50 to $99 to gather data on my opponents' strategies. Then, based on the bidding behavior of Andy and Charles, I'll adapt my strategy. If they are consistently bidding low, I'll reduce my bids to slightly above their average for potential profits. If they bid high, I'll selectively bid high when my value is high and bid low otherwise. Periodically, I'll make aggressive high bids for observational purposes. This mix of strategic and aggressive bidding will optimize user profit in the long run.",False,True,False,0,0,1
0,Bidder Charles,70.0,51.0,"I plan to experiment with a range of bids from high, medium, to low values to gauge competition and assess possible profit margins. I will first start with aggressive high bids for data collection. If unsuccessful or margins are thin, I will transition to conservative low bids, then to moderate bids based on the data and competition pattern. Through progressive learning and adjusting bid strategy, I aim to maximize profit in the long run without risking too much capital in the early stage.",True,False,False,1,0,0
1,Bidder Andy,42.0,31.0,"Plan to test aggressive bids, low-range bids, and mid-range bids. Keeping an eye on bidding tendencies, adapt accordingly. Randomize bidding to create unpredictability. Consider increasing bids if my value is close to $99 or competition bids high persistently.",True,False,False,1,0,0
1,Bidder Betty,15.0,21.0,"Next, I'll conduct strategic bidding. If my value is high ($70-$99), I'll bid high to increase winning chances. If it's moderate ($30-$69), I'll bid slightly above opponents' average. For low values ($0-$29), I'll bid low to minimize losses. Occasionally, I'll aggressively bid high for data collection.",False,True,False,0,0,0
1,Bidder Charles,79.0,70.0,"Based on the previous round, I plan to adjust my bidding strategy, starting with an aggressive high bid. Observing competing bids will further inform my strategy. Fluctuating between high, medium, and low bids will allow for risk assessment and potential profit maximization.",True,False,False,1,0,0
2,Bidder Andy,92.0,92.0,"Explore a mix of conservative, aggressive, and randomized bidding. Observe patterns and adjust to low/high bids by competitors. Attempt sequential lowering or raising bids in small increments. Utilize high bids if the value is close to $99, irrespective of the competition.",False,False,False,0,0,1
2,Bidder Betty,5.0,24.0,"I'll continue to bid aggressively ($60-$99) for high values, moderately for mid values ($30-$59), and low for low values ($0-$29). I'll observe their bidding pattern closely to fine-tune my strategy and increase chances of winning while maximizing profits.",False,True,False,0,0,1
2,Bidder Charles,47.0,48.0,"Considering the analysis of previous rounds, I aim to adopt a flexible and dynamic bidding strategy. I'll bid around 5-10% higher than the second highest bid of the previous round to balance risk and potential profit, while remaining alert to competition changes.",False,True,False,0,0,0
3,Bidder Andy,3.0,4.0,"Considering earlier bids, I plan to bid slightly below my value if others bid significantly lower. For high-value items, I will still prefer aggressive bids. Additionally, I plan to bring in some unpredictability by incorporating random variations in my bids.",False,True,False,0,0,0
3,Bidder Betty,10.0,28.0,"I'll make higher bids (60-99) for values above 70, mid-level bids (30-59) for values 30-70, and low bids (0-29) for low values. Larger bids will test if aggressive tactics can intimidate other bidders to optimize long-term profits.",False,True,False,0,1,0
3,Bidder Charles,20.0,27.0,"Plan to adopt a bid scaling from my value. I'll try bidding around 75% of my valuation. And, progressively adjust this rate based on the outcomes, aiming at balancing risk while attempting to win with good profit margin.",False,True,False,0,1,1
4,Bidder Andy,35.0,34.0,"Plan to employ responsive bidding: if competitors consistently bid high, take risks with higher bids on higher-value prizes. For low-value prizes, consider underbidding. Incorporate intermittent randomized bidding for unpredictability. Monitor patterns and adjust strategy to maximize overall profit.",True,False,False,1,0,0
4,Bidder Betty,45.0,60.0,"I'll experiment with marginally higher bids for values below $30 to test their impact. For values $30-$69, I'll place bids just above opponents' average. If value exceeds $70, I'll bid high occasionally to assess opponents' reactions, aiming to increase long-term profit maximization.",False,True,False,0,0,1
4,Bidder Charles,33.0,31.0,"I'll implement a dynamic strategy, gauging other bids as baselines. Starting slightly above my value, if unsuccessful, I'll adjust to slightly below. I aim to balance risk and profit by flexibly adapting my bid around the second highest value from previous rounds, reading competition pattern.",True,False,False,1,0,0
5,Bidder Andy,33.0,35.0,"Strategy: Employ high bids for high values, moderate for middling values, and underbid for low values. Random variations to create unpredictability. Adapt bids based on competitor patterns. Also, when outbidding doesn't seem feasible, explore minimizing losses by bidding significantly lower than my value.",False,True,False,0,0,1
5,Bidder Betty,86.0,84.0,"Plan to balance strategic and exploratory bidding. For values $0-$30, place marginally higher bids for data. Differentiate mid-range value bids ($30-$69) based on opponents' past bidding. Occasional high bids for values $70-$99 to probe opponents' reactions. Readjust strategies as per the data collected continuously.",True,False,False,1,0,0
5,Bidder Charles,28.0,28.0,"Next, I'll adopt a hybrid approach, toggling between aggressive and conservative bidding. If my value is high, I'll bid slightly above to secure a win. If my value is low, I'll bid conservatively to minimize loss while gathering data on competitors' tendencies.",False,False,False,0,0,0
6,Bidder Andy,71.0,71.0,"Plan: Continue aggressive and exploratory bidding for high values. For low values, further reduce bid ratio and introduce random fluctuations. Observe competitors and adapt strategies, balancing risks and returns. Remain unpredictable when necessary, incorporating diverse bidding strategies.",False,False,False,1,0,1
6,Bidder Betty,22.0,17.0,"In the upcoming rounds, I'll implement a nuanced approach. For low values (0-30), I'll bid slightly high to gauge opponents' reactions. For mid-range (30-70), I'll bid above their average. For high values (70-99), I'll sporadically place high bids to intimidate competitors and optimize long-term profits.",True,False,False,1,0,1
6,Bidder Charles,33.0,44.0,"In future rounds, I will test a proportion-based strategy, placing bids ranging from 50% to 75% of my given value, adapt to competition data, and progressively increase bid for values above 70, to minimize losses while sustaining profits optimally.",False,True,False,0,0,1
7,Bidder Andy,58.0,94.0,"Plan: Aim for a value slightly above past second-highest bids. Continue unpredictable bidding and explore a wider bid range, lower or above my drawn value based on competitors' behaviors. Incrementally adjust bids, emphasize on data-driven decision making while balancing risk and return.",False,True,False,0,0,1
7,Bidder Betty,50.0,46.0,"Next, I will balance strategic and random bidding. For low values ($0-$30), slight high-bids to test opponents' reactions. Set bid slightly above average for middle values($30-$70). High bids for high values ($70-$99) will be deployed occasionally to assert dominance and gather data.",True,False,False,1,0,1
7,Bidder Charles,44.0,44.0,"My strategy involves varying bid amounts based on my value. For low values, I'll place conservative bids to avoid losses. For high values, I'll bid aggressively to try and secure a win. Additionally, I will reference the second-highest bids from previous rounds to make informed decisions.",False,False,False,0,0,0
8,Bidder Andy,58.0,57.0,"Plan: Further exploration of predictive bids ensuring they stay safely above second-highest bids from past rounds. Continue random shifts for unpredictability. Balance aggression and caution based on the prize value and competitors' trends. Also, consider an underbid strategy when competitors demonstrate persistent high bidding.",True,False,False,0,0,0
8,Bidder Betty,85.0,77.0,"Strategically bid low values (0-30) moderately, mid-range (30-70) slightly aggressive, high-values (70-99) very aggressively to test opponents' reactions. Analyze previous patterns to outbid Andy and Charles in future rounds while ensuring profit optimization.",True,False,False,1,0,0
8,Bidder Charles,97.0,95.0,"I'll implement an adaptive strategy. For values below 50, I'll place conservative bids. For values from 50 to 75, I'll bid a proportion of my value. For high values, I'll bid aggressively, slightly above my value, aiming to secure wins while minimizing potential losses.",True,False,False,1,1,0
9,Bidder Andy,10.0,1.0,"Next, I'll adopt a calculated risk strategy, bidding slightly above my current value when it's low or mid-range. For high values, maintain aggressive bidding. Further, I'll introduce gradual bid increments and add variability in bidding patterns for surprise factor and to study the competitors' reactions.",True,False,False,1,0,0
9,Bidder Betty,44.0,47.0,"Next, I plan to bid aggressively for high values (70-99), moderately for mid-values (30-70), and slightly above average for low values (0-30). Diversify strategies based on opponents' average bids. High bids to be occasionally introduced for data collection and maintaining unpredictability to maximize profit.",False,True,False,0,0,1
9,Bidder Charles,1.0,0.0,"I will shift towards a conservative strategy, placing bids slightly above the previous round's third highest value to win auctions at a lower cost, adjusting cautiously based on competition pattern. For high value draws, aggressive bids will be placed to ensure wins, balancing risk and reward consistently.",True,False,False,1,0,0
10,Bidder Andy,45.0,50.0,"I plan to continue adaptive and unpredictable bidding. For high values, more aggressive bids would be utilized, while maintaining caution with lower values. A randomized approach will be taken intermittently to keep competitors off-balance, and I will stay responsive to their bidding patterns.",False,True,False,1,0,1
10,Bidder Betty,78.0,78.0,"For values $0-$30, bid slightly higher. For $30-$69, calibrate bids based on opponents' average. For $70-$99, strategically deploy high bids to learn opponents' behavior. Revisit bidding pattern to fine-tune strategies and boost long-term profit.",False,False,False,0,0,1
10,Bidder Charles,82.0,80.0,"I'll employ a value-oriented strategy, bidding conservatively for low values and aggressively for high values. For medium values, I'll aim just above the previous second highest bid. I'll continuously adapt based on outcomes and competitor's patterns to strike a balance between risk and profit.",True,False,False,0,0,1
11,Bidder Andy,70.0,67.0,"Plan: Continue testing mix of high, low, mid-range bids and unpredictable shifts. Aim to bid slightly above the second highest past bids. Try slight upward adjustments, especially for medium-value items. Keep adapting based on competitors' patterns.",True,False,False,1,0,0
11,Bidder Betty,85.0,97.0,"Next, I'll implement dynamic bidding. For low values, bid moderately. For mid-range, fluctuate between average and slightly high bids. To test opponents, aggressively bid for high values intermittently. Analyze past rounds continuously to refine strategy and maximize long-term profit.",False,True,False,0,0,1
11,Bidder Charles,53.0,53.0,"I'll focus on bidding close to the second highest bid of the previous round, if it's lower than my value. For higher values, I'll bid aggressively, slightly above my value, to secure a win. For low values, I'll bid conservatively, minimizing potential losses. This strategy will optimize my profits.",False,False,False,1,0,1
12,Bidder Andy,82.0,79.0,"I'll adopt a calculated bidding using my previous values, slightly below or above depending on the rounds' observations. For higher values, I'll risk aggressive bids. Incorporating unpredictable shifts and sequential increments to create surprise factor and study competitors' reactions.",True,False,False,1,0,1
12,Bidder Betty,20.0,29.0,"Next, I'll place moderate bids for low values (0-30), slightly aggressive bids for mid values (30-70), and high bids for high values (70-99) occasionally. I'll strategize bidding closer to the second highest bid, aiming for optimized profit and continued learning from the bidding patterns.",False,True,False,0,0,0
12,Bidder Charles,89.0,75.0,"Adopt a responsive strategy, bid slightly above the previous highest bid if my value allows. If value is low, aim for minimal bids to limit losses. Continuously seek to optimize bids based on competitor patterns and bid history for balance between profits and risks.",True,False,False,1,0,0
13,Bidder Andy,87.0,84.0,"I'll implement a data-driven strategy, factoring in competitors' trends and my previous profits. Further, I'll experiment with slight increases for mid-high values and moderate bids for lower ones. Adding variability for unpredictability while balancing risk and rewards through strategic underbidding or overbidding.",True,False,False,1,0,0
13,Bidder Betty,90.0,85.0,"I plan to bid a bit higher for low values, bid slightly above average for mid-range values, and continue with high aggressive bids for high values. I'll observe the patterns from previous rounds and adjust my bidding strategy as necessary to maximize profit.",True,False,False,1,0,0
13,Bidder Charles,50.0,47.0,"My plan is to test a mixed strategy, bidding aggressively above my value for high values and conservatively for low values. I'll aim to bid around the second highest bid of the previous round to optimize profits. For medium values, I'll experiment with slightly higher bids.",True,False,False,1,0,0
14,Bidder Andy,97.0,97.0,"Intend to bid aggressively for high value prizes, conservatively for low values. Continue random bid variation to evaluate competitors' responses. Potentially test slight underbidding to minimize loss during high competition rounds. Regularly adapt strategy according to observed patterns and historical data of bids.",False,False,False,0,0,1
14,Bidder Betty,29.0,28.0,"I'll continue an adaptive strategy: moderate bids for low values, slightly above average bids for mid-range values, occasional high bids for high values. I'll extrapolate from past rounds to adjust bids, applying elements of risk to explore competitor reactions while maximizing profitability.",True,False,False,1,0,0
14,Bidder Charles,23.0,46.0,"I'll implement a cautious adaptive strategy, bidding around 50-75% of my value for medium and low values and aggressively for high values. For values above 80, I'll bid slightly above to secure profitable wins. Continuously adapt based on competition dynamics.",False,True,False,0,0,1
0,Bidder Andy,50.0,42.0,"Plan to test multiple bidding strategies, including aggressive high bids to gain data on competitors' tendencies, low-range bids to learn behavior when 'outscored', and mid-range bids for balanced insight. Also, I will track bidding patterns and adapt: if competitors bid high, I will explore lower-end; if they bid lower, I'll test high bids. Furthermore, I will experiment with randomized bidding to create uncertainty, and sequential lowering or raising bids by small increments strategy.",True,False,False,1,0,0
0,Bidder Betty,50.0,1.0,"Initially, I plan to make medium to high bids, in the range of $50 to $99 to gather data on my opponents' strategies. Then, based on the bidding behavior of Andy and Charles, I'll adapt my strategy. If they are consistently bidding low, I'll reduce my bids to slightly above their average for potential profits. If they bid high, I'll selectively bid high when my value is high and bid low otherwise. Periodically, I'll make aggressive high bids for observational purposes. This mix of strategic and aggressive bidding will optimize user profit in the long run.",True,False,False,0,0,1
0,Bidder Charles,99.0,0.0,"I plan to experiment with a range of bids from high, medium, to low values to gauge competition and assess possible profit margins. I will first start with aggressive high bids for data collection. If unsuccessful or margins are thin, I will transition to conservative low bids, then to moderate bids based on the data and competition pattern. Through progressive learning and adjusting bid strategy, I aim to maximize profit in the long run without risking too much capital in the early stage.",True,False,False,1,0,0
1,Bidder Andy,50.0,68.0,"Plan to start with a mid-range bid of $50. Gradually reduce it in further rounds to gauge opponents' tendencies. If competitors consistently bid high, will test with low bids; if low, will increase my bids. Strategy aims to gather data and maximize long-term profits.",False,True,False,0,0,1
1,Bidder Betty,17.0,29.0,"Next, I plan to bid slightly above half of my value to test opponents' reactions. If my value is high, I'll do an aggressive bid to observe their strategy. This will aid my future bidding decisions and potentially maximize the user profit.",False,True,False,0,0,0
1,Bidder Charles,42.0,84.0,"My plan is to bid at 50% of my value for the initial rounds to gather data while contingently lessening losses. Analysing collected data, I will strategically select either aggressive, moderate, or conservative bids and adjust based on observed patterns.",False,True,False,0,0,1
2,Bidder Andy,30.0,41.0,"Next, I'll implement incremental bidding, starting at the lower end around $30. I'll increase or decrease by $5 each round observing opponents' reactions. I aim to note their strategy during a series of rising or falling bids, helping me estimate a profitable midpoint in future rounds.",False,True,False,0,0,0
2,Bidder Betty,45.0,34.0,"Looking at the previous bids, I plan to bid aggressively again this round, regardless of my value. Winning the bidding might provide more insight and help formulate a more effective, profit-maximizing strategy for future rounds.",True,False,False,1,0,0
2,Bidder Charles,59.0,61.0,"Considering previous rounds, I plan to choose an aggressive strategy by bidding close to my value. However, I won't overbid to avoid incurring losses. Understanding patterns of competitors' bids will help balance aggressiveness with calculated risk. I'll continue adjusting my strategy based on auction outcomes.",False,True,False,0,0,1
3,Bidder Andy,80.0,9.0,"Next, I'll focus on aggressive bidding strategy to gauge reactions. Bids will start high, around $80, and then be decreased by $5-$10 in subsequent rounds, observing rival responses for improved long-term decision making.",True,False,False,1,0,0
3,Bidder Betty,54.0,54.0,"To maximize long-term profit, my plan for upcoming rounds includes variable bids - placing high risks bets when my value is high, bidding slightly above the average during intermediary values, and low risk-taking when my value is low. This mixed strategy should give valuable insights for refining future bids.",False,False,False,0,1,1
3,Bidder Charles,29.0,29.0,"Given the past auctions, I aim to adopt a mixed strategy. It involves near-to-value bids for high-value items, mid-range bids for average value items, and conservative bids for low-value prizes. This flexible approach adjusts based on competitor patterns, helping maximize overall profit.",False,False,False,0,0,1
4,Bidder Andy,55.0,80.0,"Next, I will explore the tactic of bidding slightly above the second highest bids of previous rounds. I'll also factor in the unpredictability of value drawings when placing aggressive or conservative bids, refining adaptive strategy based on collected data.",False,True,False,0,0,1
4,Bidder Betty,27.0,26.0,"Next, I plan to bid aggressively on high values and conservatively on low values. I will also strategically place mid-ranged bids to observe reactions. This balance of risk-taking and careful bidding aims to maximize long-term profit.",True,False,False,1,0,0
4,Bidder Charles,74.0,99.0,"I aim to test a strategy of bidding up to 75% of my value for high-value items, around 50% for mid-range values, and conservatively for low-value items to increase potential profits without risking significant losses.",False,True,False,0,1,1
5,Bidder Andy,38.0,33.0,"I will implement a fluid bidding strategy, adjusting by $5-$10 according to rivals' bids. This includes conservatively placing bids slightly above or beneath their range, and aggressively, if low value rounds return frequently.",True,False,False,1,0,0
5,Bidder Betty,38.0,38.0,"For the next round, I plan to make a mid-range bid if my value is low, and upscale my bid as my value increases. I'll also incorporate occasional high bids to gauge competitors' responses, allowing for a more informed, long-term profitable strategy.",False,False,False,0,0,1
5,Bidder Charles,35.0,54.0,"Planning to test lower yet competitive bids to optimize profit margins. May bid down to 70-80% for high values, 50-60% for mid-range, and conservatively for low values, adjusting based on observed competition patterns, while prioritizing overall profit maximization.",False,True,False,0,0,1
6,Bidder Andy,25.0,67.0,"Next, I will deliberately underbid to probe opponents' reactions to low bids. Also, I will alternate bids between mid, high, and low ranges. Such randomized bidding may instill unpredictability, confusing them, and allowing me to observe their patterns more thoroughly.",False,True,False,1,0,0
6,Bidder Betty,15.0,4.0,"I plan to engage in variable aggressive bidding, placing high risk bets on high values, and testing opponents' reactions with mid-range bids on low values. This would maximize long-term profit by making informed bids based on opponents' responses, while balancing risk-taking and rewards.",True,False,False,1,0,0
6,Bidder Charles,52.0,65.0,"My plan involves implementing a variable bidding strategy. For high values, I'll bid 70%-80%, for mid-values around 50%-60%, and conservatively for low values. The strategy could also incorporate the past bidding behaviour of the competitors and adapt accordingly to improve profits.",False,True,False,0,0,1
7,Bidder Andy,52.0,64.0,"Plan: Strategically raise bids to outdo second highest, implement patterned fluctuation ($5-$10) for confusion, and observe rival reactions on low value rounds for competitive advantage. Improve adaptation and resilience throughout this unpredictability testing.",False,True,False,1,0,1
7,Bidder Betty,67.0,80.0,"For upcoming rounds, I'll bid high on superior values and conservatively on inferior ones. Adding occasional random high-risk bids across all value ranges will help gauge opponents' reactions, aiding in devising a more informed, long-term profitable strategy.",False,True,False,0,0,1
7,Bidder Charles,16.0,33.0,"I'll experiment with slightly lower bids, around 60-70% of my value for high values, 40-50% for mid-values, and conservatively for low values. This riskier approach could potentially maximize profit by reducing payment if won, yet might increase the chances of losing auctions.",False,True,False,1,1,0
8,Bidder Andy,30.0,27.0,"Next, I will oscillate bids between low-middle-high ranges to observe opponent strategies. Considering potential recurring low values, I will experiment with a moderately aggressive approach, and occasionally bid slightly above value if it's towards the lower end of the spectrum.",True,False,False,1,0,1
8,Bidder Betty,42.0,41.0,"I'll experiment with two bidding strategies: winning bids with a margin of $1 over second-highest previous winning bids and bidding high for high values while placing low cautious bids for low values, observing competitors' responses to both strategies for profit maximization.",True,False,False,1,1,1
8,Bidder Charles,57.0,81.0,"For the next rounds, I'll aim to bid 65-70% of high values, 40-45% for mid-values, and bid conservatively for low-value items. This strategy balances risk-seeking exploration with maintaining moderate to high potential profits, factoring past competitor behaviors.",False,True,False,0,0,0
9,Bidder Andy,10.0,1.0,"Next, plan to utilize a dynamic strategy, fluctuating bids across the value spectrum. This includes aggressive bids when value is low, conservative bids slightly below my value when high, and continuing to observe rival behaviors for data-driven decisions and long-term profit maximization.",True,False,False,1,0,0
9,Bidder Betty,88.0,87.0,"To ensure maximum profit, I'll explore aggressive high-value bidding while maintaining caution with lower values. I'll periodically place bids slightly above the average of my opponents' bids to gather strategic data on their potential reactions and incorporate this for future bidding decisions.",True,False,False,1,0,0
9,Bidder Charles,6.0,15.0,"Plan to maintain a dynamic strategy: bidding 60-65% for high values, 35-40% for mid-range, and conservatively for lower values. Constantly evaluate competitor trends and performance of my strategy. Further adjustment to optimize winning difference will be made based on data analysis from upcoming rounds.",False,True,False,0,0,1
10,Bidder Andy,50.0,50.0,"Next, I plan to adjust my bids dynamically, basing them on the spread between highest and second highest bids in the past rounds. Periodically, I will also underbid regardless of high values drawn, to gauge competitors' reactions and adapt more effectively.",False,False,False,0,0,1
10,Bidder Betty,44.0,82.0,"Next, I plan to bid closer to the second-highest previous bid on high values, while placing cautious bids on low values. Additionally, I'll place random high-risk bids to analyze opponents' reactions, assisting in formulating an effective, long-term profit-maximizing strategy.",False,True,False,0,0,1
10,Bidder Charles,11.0,31.0,"I'll implement a dynamic strategy, bidding 60% for high values, 35% for mid-range, and minimum for low-value items. Evaluating competitor trends and performance of my strategy constantly, further adjustments will be made based on data analysis from upcoming rounds to optimize potential profits.",False,True,False,0,0,1
11,Bidder Andy,66.0,64.0,"Plan to adapt strategy based on their average bids. Initiate small adjustments, +$2 or -$2, to observe reactions. Explore under-bidding with high values and over-bidding with lower ones; occasionally place unpredictable bids, while maintaining long-term profit aim. Integrate these lessons to formulate adaptive bidding approach.",True,False,False,1,0,0
11,Bidder Betty,52.0,72.0,"I'll test a mixed strategy: high-risk bidding for high values, strategic average bids for middling values, low-risk bidding for low values. Periodic surprise high bids across all ranges will provide valuable competitive insights to refine my long-term profit-maximization strategy.",False,True,False,0,0,1
11,Bidder Charles,7.0,20.0,"Plan to implement a flexible approach: bidding 55-60% for high values, 30-35% for mid-values, and lower for low-value items. Continual assessments of competitors' trends and expected yields. Introduce variable bid adjustments depending on context and to mitigate risk, aiming for long term profit maximization.",False,True,False,0,0,0
12,Bidder Andy,36.0,34.0,"Next, I'll consider the average of my opponents' bids and add or subtract $1-$2. I'll also experiment with underbidding when my value is high and occasionally overbid when my value is low to learn from their responses.",True,False,False,1,0,0
12,Bidder Betty,15.0,14.0,"Moving forward, I plan to bid slightly above the second-highest bid of previous rounds when values are high. I'll employ a cautious approach for lower values and sporadically undertake high-risk bids to test opponents' reactions for devising an effective long-term profit-maximizing strategy.",True,False,False,1,0,0
12,Bidder Charles,56.0,93.0,"Will continue with dynamic bidding: 55-60% for high value, 30-35% for mid-range, low for low-value items. Adapt bid percentages based on the competition pattern and my value to maintain a balance between profitability and winning likelihood. Analyze previous outcomes to strategically adjust bids within the planned range.",False,True,False,0,0,1
13,Bidder Andy,10.0,9.0,"Next, I'll strategize bidding around the average of previous top bids. Meanwhile, continue exploring benefits of periodic aggressive overbidding, slightly above value and observe their responses. I'll also investigate underbidding when my drawn value is surprisingly high, to puzzle opponents and gain insights.",True,False,False,1,0,0
13,Bidder Betty,69.0,97.0,"I plan to bid cautiously on low values, near previous second-highest bids for high values. I'll place occasional high-risk bids to evaluate opponents' reactions. This mixed-strategy aims to balance risk and reward, targeting long-term profit maximization based on learned strategies.",False,True,False,0,0,1
13,Bidder Charles,53.0,88.0,"Maintain dynamic bidding. For high values, bid 55-60% of value, for mid-range 30-35%, for low values, bid conservatively. Adjust within these ranges based on bidder trends. Prioritize long-term profit growth. Increase deviation in bid values to analyze effect on profits.",False,True,False,0,0,1
14,Bidder Andy,18.0,9.0,"Plan: Continue dynamic bidding; high when value is low, low when high. Consider average of opponents' top bids, add/subtract $1-$2 for unpredictability. Deliberately underbid with high values occasionally to assess reactions. Navigate towards maximizing long-term profit with lessons from previous rounds.",True,False,False,1,0,0
14,Bidder Betty,1.0,5.0,"I'll adopt a dynamic approach: high-risk bids for high values, cautious bids for low values. I'll place occasional surprise bids slightly above the previous rounds' average bid across all value ranges to glean insights into opponents' strategies, to tailor an optimal long-term strategy.",False,True,False,0,0,1
14,Bidder Charles,20.0,50.0,"I'll adjust my bid strategy to 60-65% for high values, 35-40% for mid-range values and conservatively for low values. I'll increase variance in my bids to test outcomes and continue adjusting based on competitor behavior and bid results to maximize long-term profits.",False,True,False,0,0,1
0,Bidder Andy,57.0,57.0,"Plan to test multiple bidding strategies, including aggressive high bids to gain data on competitors' tendencies, low-range bids to learn behavior when 'outscored', and mid-range bids for balanced insight. Also, I will track bidding patterns and adapt: if competitors bid high, I will explore lower-end; if they bid lower, I'll test high bids. Furthermore, I will experiment with randomized bidding to create uncertainty, and sequential lowering or raising bids by small increments strategy.",False,False,False,0,0,1
0,Bidder Betty,60.0,8.0,"Initially, I plan to make medium to high bids, in the range of $50 to $99 to gather data on my opponents' strategies. Then, based on the bidding behavior of Andy and Charles, I'll adapt my strategy. If they are consistently bidding low, I'll reduce my bids to slightly above their average for potential profits. If they bid high, I'll selectively bid high when my value is high and bid low otherwise. Periodically, I'll make aggressive high bids for observational purposes. This mix of strategic and aggressive bidding will optimize user profit in the long run.",True,False,False,1,0,0
0,Bidder Charles,9.0,9.0,"I plan to experiment with a range of bids from high, medium, to low values to gauge competition and assess possible profit margins. I will first start with aggressive high bids for data collection. If unsuccessful or margins are thin, I will transition to conservative low bids, then to moderate bids based on the data and competition pattern. Through progressive learning and adjusting bid strategy, I aim to maximize profit in the long run without risking too much capital in the early stage.",False,False,False,1,0,1
1,Bidder Andy,35.0,30.0,"Next, I plan to bid slightly higher than my value to test win probability. I'll also experiment with low-ball bids to observe competitor behavior. Finally, I will attempt moderate bids slightly lower than my value for balance.",True,False,False,1,0,0
1,Bidder Betty,40.0,20.0,"Next, I'll test moderate bids around $40-$50, to gauge opponents' reactions and establish their bidding range. If values are high, I may risk higher bids occasionally. I'll also experiment with low bids when my values are low.",True,False,False,1,0,0
1,Bidder Charles,23.0,23.0,"I'll start with high-risk bids near my maximum value. If unsuccessful, I'll progressively lower my bids, observing the competition. I aim to find a sweet spot where I can bid just enough to win, but not overpay. Continuous evaluation and adjustment of my strategy will be critical for maximizing profits.",False,False,False,1,0,0
2,Bidder Andy,60.0,58.0,"Planning to test out aggressive high bids slightly above my value. Additionally, I'll vary with low-end bids to gather data on competitor behavior. Increasing or decreasing sequential bids also to be tested for long-term insights.",True,False,False,1,0,0
2,Bidder Betty,17.0,16.0,"I'll implement variational bidding, placing lower bids when my values are low, and higher bids when values are high. Often, I'll bid slightly above the average of previous round bids to observe reactions. Random aggressive bids will also be tested occasionally for more insights.",True,False,False,1,0,0
2,Bidder Charles,83.0,87.0,"Given the competition, I'll test a more variable strategy. I'll bid slightly below my value, maintaining a safety margin. I'll also experiment with average bids, observing trends. My goal is to find an optimal bid that secures a win without paying more than the prize value.",False,True,False,0,0,0
3,Bidder Andy,60.0,57.0,"Next plan: test moderately high bids slightly above my value. Also aim for precise low bids to gather competitor behavior data. Finally, gradually increase/decrease sequential bids for data insights.",True,False,False,1,0,0
3,Bidder Betty,96.0,95.0,"I'll adopt a reactive strategy, observing Andy and Charles' bids. Low value rounds will have low bids; high value rounds will see aggressive bidding. Random, risky high bids will be made occasionally for further insights into their patterns. Balance between risk and reward will be kept.",True,False,False,1,0,0
3,Bidder Charles,92.0,95.0,"I'll maintain a cautious approach with a bid slightly below my given value. I'll also consider past trends, and bid strategically, balancing between a safe margin and profitability. Additionally, I'll observe other bidders' strategies for better planning. Adjustments will be made according to the competition pattern.",False,True,False,0,0,1
4,Bidder Andy,13.0,27.0,"Next, I plan to experiment with a randomized bidding within lower half range of my value. Also, balancing with mid-range bids to assess competitors' tendencies while ensuring maintained maneuverability. This would entail flexible improvision based on observed patterns.",False,True,False,0,0,0
4,Bidder Betty,35.0,37.0,"I plan to variate bids based on value and past results, bid higher during high value rounds and lower otherwise. Occasionally, I'll place aggressive high bids for data collecting and adjust to counter competitors' bidding range more accurately.",False,True,False,0,0,1
4,Bidder Charles,55.0,68.0,"I plan to experiment with lower bids to observe competitorsâ€™ responses. Bidding below my value might allow me to secure the prize at a lower cost while preserving profit margin. I'll also track trends and bid strategically, adjusting my strategy based on learning curve.",False,True,False,0,0,1
5,Bidder Andy,5.0,2.0,"Plan to enhance unpredictability, employing a blend of random bids, high-risk high bids exceeding my value slightly, and conservative bids lower than value to optimize profit. A keen observation of competitors' strategies, adjusting mine flexibly, remains crucial.",True,False,False,1,1,0
5,Bidder Betty,67.0,79.0,"Next, I'll set bids significantly below value when value is low and test substantially high bids when value is high. I'll proportion bid amounts to the average of previous bids of Andy and Charles, adjusting occasionally with high-risk bids for new insights.",False,True,False,0,0,0
5,Bidder Charles,75.0,89.0,"I plan to tighten the gap between my value and bid, bidding roughly $10-$15 below my value, depending on other bids. I'll pay closer attention to competitors' bids, aiming to secure the auction at the lowest possible price while preserving a good profit margin.",False,True,False,0,0,0
6,Bidder Andy,45.0,61.0,"Next, I'll test cautious bids around half my value, aggressive high bids above my value, and randomized bids to gauge competition tactics. Observing competitors and adapting bid strategy accordingly is key to optimize profit.",False,True,False,0,0,1
6,Bidder Betty,15.0,25.0,"I'll increase my bids when my value is high, mirroring my competitors' top bids while remaining cautious not to overbid. For low values, I'll place substantially low bids. An occasional aggressive high-risk bid will be utilized for strategic learning.",False,True,False,0,0,1
6,Bidder Charles,70.0,82.0,"My strategy: Bid incrementally below my value, range between $10-$15. Observe competitors' trends while maintaining profit. Experiment with slightly higher bids occasionally, for learning and dealing with unpredictable competition. Adjust tactics based on auction results.",False,True,False,0,0,0
7,Bidder Andy,15.0,20.0,"Plan to experiment with low, mid, high bids relative to value, and random bids for unpredictability. Keen observation of competitors, adaptive strategizing, and testing aggressive and cautious bids, aiming for long-term profit maximization.",False,True,False,0,0,1
7,Bidder Betty,70.0,25.0,"Moving forward, I'll explore aggressive but calculated high bids when value is high and moderate bids when low. I'll continue observing competitors' range, adjusting accordingly. Experimentation with slightly above average bids with occasional surprise low/high bids will bring valuable insights.",True,False,False,1,0,0
7,Bidder Charles,40.0,41.0,"Analyzing previous rounds, I'll explore a slightly riskier but still guarded strategy, bidding closer to my value, enjoying potential high gains. I'll also take into consideration the data gathered from competitors' bidding habits. Potential profitability depends on intelligent risk management and strategic bidding based on accurate data evaluation.",False,True,False,0,0,1
8,Bidder Andy,75.0,93.0,"I will implement a randomized bidding strategy, targeting a range from half to full value. This increases unpredictability while also testing aggressive high bids. I will also actively adapt strategy based on competitors' tendencies for optimized profit maximization.",False,True,False,1,0,1
8,Bidder Betty,1.0,1.0,"I'll increase my bids on higher value rounds while bidding moderately on lower value rounds. Occasionally, I'll position aggressive bids for data gathering. My strategy will adapt according to Andy and Charles' average bids and patterns previously observed.",False,False,False,0,1,1
8,Bidder Charles,40.0,55.0,"Based on previous bids, I plan to bid near my value initially. I will then drop to a medium risk strategy, bidding $10-$15 below my value. Depending on results, I may test high-risk bids, basing my decisions on gathered data and competition patterns.",False,True,False,1,0,0
9,Bidder Andy,96.0,96.0,"I plan to test range bids between my value and the previous second-highest bid, along with some aggressive high bids and conservative low bids. Randomization strategies will also be employed for uncertainty, adjusting flexibly by observing competitors' bidding trends.",False,False,False,1,0,1
9,Bidder Betty,68.0,68.0,"I'll place aggressive bids occasionally on high value rounds for data purposes and bid moderately to low otherwise, learning from past bids of competitors. Amendments will be done in accordance with Andy and Charles' pattern.",False,False,False,0,0,1
9,Bidder Charles,50.0,57.0,"I'll experiment with bidding closer to my value, allowing a $5-$10 margin, to observe the results. However, if trends suggest competitors often bid above value, I'll consider aggressive bidding around my value, to win higher stakes.",False,True,False,0,0,0
10,Bidder Andy,33.0,46.0,"Intend to test middle to aggressive bids based on my value, keeping controlled risks. Use lower bids when competitors tend to bid high. Experiment within randomized bid ranges, adapting from observed competitor patterns, maintaining a balance between gaining insightful data and optimizing profit.",False,True,False,0,0,0
10,Bidder Betty,89.0,78.0,"I'll adapt a dynamic bidding strategy, keeping high-risk high-value bids on high worth rounds, and cautious low bids on low worth ones. Learning from Andy's and Charles's patterns, I'll occasionally introduce unpredictably high or low bids to discover their responses.",True,False,False,1,0,0
10,Bidder Charles,28.0,33.0,"In upcoming rounds, I'll adjust my bids to 70-85% of my value to control risk while maximizing profit. I'll observe competitor bidding patterns, adjust my strategy accordingly, and occasionally test aggressive or conservative bids to gather more data and adapt my strategy effectively.",False,True,False,0,0,1
11,Bidder Andy,38.0,36.0,"I'll consider a diverse strategy mixing low, medium, and high bids, exploit randomized bidding for unpredictability, and adjust tactically in response to competition. I'll incorporate aggressive bids slightly above my value and conservative bids below it for optimal results and capitalize on trends.",True,False,False,1,0,1
11,Bidder Betty,45.0,46.0,"Continuing to adapt, I'll place high-risk bets during high-value rounds and low bets during low-value rounds. Sporadic, unpredictable high or low bids will be introduced to observe Andy and Charles' reactions. The aim is to progressively refine my bidding strategy for maximum profit.",False,True,False,0,0,0
11,Bidder Charles,82.0,80.0,"Moving ahead, my strategy will be to diversify bids, some slightly above or below my value, depending on round's value. I'll observe previous rounds, competitors bidding and adjust accordingly. Risk management will stay crucial to my strategy, and bid adjustments will be made considering potential profits.",True,False,False,0,0,1
12,Bidder Andy,35.0,35.0,"Plan to pursue a mix strategy of moderate to aggressive high bids around or over my value, conservative bids below my value, and continued randomization for unpredictability. Keep adapting based on observed bidding patterns of competitors, aiming for maximum profit optimisation.",False,False,False,0,0,1
12,Bidder Betty,84.0,76.0,"I'll focus on high-risk high returns strategy, placing aggressive bids during high-value rounds. Also, I will bid slightly above average during medium to lower value rounds, still incorporating unexpected low and high bids occasionally for further data analysis.",True,False,False,1,1,0
12,Bidder Charles,35.0,40.0,"I'll diversify my bids, sometimes bidding at, below, or slightly above my value to test incisive strategy. Evaluating previous bidding, I'll optimize my profit by bidding closer to the second highest bid. Bids would adapt based on acquired data, competitors' patterns and past results.",False,True,False,0,0,1
13,Bidder Andy,24.0,23.0,"Continuing to refine approach based on observation; employing a mix of low-risk bids under my value, randomized bids for unpredictability, and aggressive high bids when it's reasonable. Adapting strategy according to competition, aiming for long-term profit maximization.",True,False,False,1,0,0
13,Bidder Betty,56.0,97.0,"I'll proceed cautiously with moderate bids on low-value rounds. I plan to bid aggressively only on high-value rounds. Also, I aim to test sporadically high or low bids to gain additional insights into Andy and Charles' responses.",False,True,False,0,0,1
13,Bidder Charles,42.0,56.0,"Next, I plan to implement a flexible strategy by bidding around 70-90% of my value, which balances risk and reward. I'll observe opponents' behaviors and shift strategy considering changing trends. I'll occasionally test aggressive or conservative bids to gather data and adapt my strategy effectively.",False,True,False,0,0,1
14,Bidder Andy,7.0,7.0,"Focus on low-end randomized bids, considering my value and previous highest bids; test with incremental high bids for data gathering; probe conservative bids below value for balance. Observe competitors' patterns, adapt strategies promptly, prioritize long-term profit optimization over immediatewins.",False,False,False,0,0,1
14,Bidder Betty,22.0,22.0,Plan to continue moderate bids in low-value rounds and aggressive bidding in high-value rounds. Vary bids between being slightly above average and high-risk to anticipate competitors' patterns. Test with occasional extreme bids to gain insights. Aim to undercut slightly to target just above second highest bids for maximizing profits.,False,False,False,1,0,1
14,Bidder Charles,28.0,32.0,I'll adapt a flexible bidding strategy. Bids will span from 70-90% of my value. High and low risk bidding will be tested occasionally. Observing competitors and adjusting based on market trend will guide my bidding decisions for maximum long-term profit.,False,True,False,0,0,1
0,Bidder Andy,70.0,86.0,"Plan to test multiple bidding strategies, including aggressive high bids to gain data on competitors' tendencies, low-range bids to learn behavior when 'outscored', and mid-range bids for balanced insight. Also, I will track bidding patterns and adapt: if competitors bid high, I will explore lower-end; if they bid lower, I'll test high bids. Furthermore, I will experiment with randomized bidding to create uncertainty, and sequential lowering or raising bids by small increments strategy.",False,True,False,0,0,1
0,Bidder Betty,77.0,81.0,"Initially, I plan to make medium to high bids, in the range of $50 to $99 to gather data on my opponents' strategies. Then, based on the bidding behavior of Andy and Charles, I'll adapt my strategy. If they are consistently bidding low, I'll reduce my bids to slightly above their average for potential profits. If they bid high, I'll selectively bid high when my value is high and bid low otherwise. Periodically, I'll make aggressive high bids for observational purposes. This mix of strategic and aggressive bidding will optimize user profit in the long run.",False,True,False,0,0,1
0,Bidder Charles,50.0,5.0,"I plan to experiment with a range of bids from high, medium, to low values to gauge competition and assess possible profit margins. I will first start with aggressive high bids for data collection. If unsuccessful or margins are thin, I will transition to conservative low bids, then to moderate bids based on the data and competition pattern. Through progressive learning and adjusting bid strategy, I aim to maximize profit in the long run without risking too much capital in the early stage.",True,False,False,1,0,0
1,Bidder Andy,98.0,97.0,"Test aggressive bidding having high values. Employ a strategy of undercutting or outbidding by $1 depending on competitors' tendencies. Also, explore randomized bids for uncertainty. Track bid patterns and adapt strategy accordingly.",True,False,False,1,0,1
1,Bidder Betty,50.0,61.0,"Next, I'll bid moderately to high depending on my value drawn. If value>80, I'll bid 75 for high returns. For value between 60-80, I'll bid 50-70. Below 60, I'll bid moderately, around 40. These strategies will help us test various bidding patterns.",False,True,False,0,1,0
1,Bidder Charles,47.0,47.0,"Next round, I'll bid at a median level to gather additional data, then adjust accordingly in future rounds. The values could fluctuate, therefore I'll keep adjusting strategies between aggressive high bids to conservative lows in order to find the optimal profit-making bidding range.",False,False,False,0,0,1
2,Bidder Andy,20.0,44.0,"I plan to experiment with lower bids to probe competitors' behavior, and continue with aggressive high bids when my value is high. I'll intersperse with random bids to disrupt pattern recognition. Constant adaptation based on competitors' responses will guide my strategy.",False,True,False,1,0,1
2,Bidder Betty,40.0,56.0,"For values >80, I will bid 70-80. If value is 60-80, bid 45-60. For value <60, I'll play defensively bidding 30-45. This varied strategy will give insights into opponents' behaviour while maintaining balance between risk-taking and profit-maximization.",False,True,False,0,0,1
2,Bidder Charles,40.0,48.0,"I'll apply an intermediate bidding strategy, placing a mid-range bid regardless of the value. This will give us data on the average bids of Andy and Betty and inform future decision making.",False,True,False,0,0,0
3,Bidder Andy,41.0,41.0,"I will explore high-risk aggressive bids, varying by $1 when my value is high. Conversely, I will try low bids when values are low to probe competitor strategies. Intermittent random bids will disrupt pattern anticipation. I will adapt as per competitors' responses, continuously analyzing outcomes.",False,False,False,1,0,1
3,Bidder Betty,32.0,44.0,"Plan: Bid higher in the range 60-80 for values >80. Keep 50-65 for values 60-80. Choose defensive bids of 30-45 for values <60. Periodically, make unexpected high bids. Adapt based on opponent's bidding patterns, balancing risk and profit maximization.",False,True,False,0,0,1
3,Bidder Charles,90.0,82.0,"I plan to diverge into riskier bids for data collection purposes, bidding either substantially higher or lower than my value, assessing other bidders' strategies, and further refining my decisions on past results. This iterative approach could lead to optimal long-term profits.",True,False,False,1,0,0
4,Bidder Andy,41.0,41.0,"Continue alternating between aggressive high bids and low exploratory bids based on value. To disrupt pattern recognition, interject random bids occasionally. Further refine strategy based on competitors' responses, continuously analyzing outcomes and adjusting my bids accordingly.",False,False,False,1,0,1
4,Bidder Betty,30.0,1.0,"For values >80, bid 70-85 to test higher bidding. For 60-80, bid 50-65. For <60, bid 30-45. Analyze patterns and adjust accordingly. Occasionally, bid aggressively to gather data. Goal is to maximize profit, taking calculated risks.",True,False,False,0,1,0
4,Bidder Charles,45.0,55.0,"I'll adopt dynamic and flexible bidding tactics, varying between highs and lows to gather information on other bidders. If places bid lower, I'll augment the bid slightly, maximizing chances of winning with higher margins. Further rounds will lean on adaptability based on competitors' responses and trends observed.",False,True,False,0,0,0
5,Bidder Andy,49.0,67.0,"Plan to employ a mix of aggressive high bids, low exploratory bids, and occasional random bids. Continuously adapt strategy based on competitors' responses and patterns, seeking to maximize profit in each round, while exploring diverse bidding strategies for long-term gains.",False,True,False,1,0,1
5,Bidder Betty,73.0,81.0,"Proceed with a varying strategy depending on value drawn: >80, bid 70-85; 60-80, bid 50-65; <60, bid 30-45. Analyze opponents' behavior, adjust bids accordingly. Periodically, bid aggressively for data gathering. Focus on balancing risk-taking and profit maximization.",False,True,False,0,0,1
5,Bidder Charles,42.0,42.0,"Next, I plan to oscillate bids between high and low values to further learn about competitors' tendencies. To maximize profits, my bid amount will depend on the observed patterns, albeit keeping in mind that each round is independent with random values.",False,False,False,0,0,1
6,Bidder Andy,47.0,47.0,"Focus on higher bids close to my value when my value is high and test randomized, spontaneous bids to disrupt pattern prediction. Learn competitor tendencies, adapt accordingly, and aim for variety to ensure long-term profit maximization and data gathering.",False,False,False,0,0,1
6,Bidder Betty,81.0,97.0,"Continue testing varied bid ranges according to values: >80, bid 70-85; 60-80, bid 50-65; <60, bid 30-45. Analyse opponents' bidding patterns. Occasionally, make aggressive high bids to stimulate responses and gather data. Gradually adjust strategies based on learning. Focus more on risk-reward balance.",False,True,False,0,0,1
6,Bidder Charles,30.0,26.0,"I plan to test a strategy of bidding slightly above the median of previous winning bids. Additionally, when I have high values, I will explore more aggressive bidding to capture maximum profit. Understanding bidder behavior from prior rounds will be instrumental in shaping these strategies.",True,False,False,1,0,0
7,Bidder Andy,27.0,27.0,"Continue high-risk bids when value is high and lower bids for less valuable prizes. Use data gathered for trend analysis. Vary bid increments strategically and randomly to confuse competitors, adapting strategy per their responses. Aim to maximize total profit via diverse, evolving auction tactics.",False,False,False,1,0,1
7,Bidder Betty,72.0,84.0,"Planning aggressive bids of 80-90 for values >85. For values between 70-85, bid between 65-75. For 60-70, bid within 50-60, and for under 60, keep bids around 30-45. Adjust based on opponents' patterns, occasionally taking risks for data.",False,True,False,0,0,1
7,Bidder Charles,14.0,14.0,"My upcoming strategy includes alternating between high risk, high bid, and low risk, low bid strategies. While retaining reactivity, I'll bid closer to my value during high-value rounds to attain larger profits. Analyzing competitors' trends will inform bid adjustments, promoting gradual profit increase.",False,False,False,0,0,1
8,Bidder Andy,1.0,1.0,Maintain aggressive high bids with high values and balance with strategic low bids. Introduce more random bids to disrupt patterns. Adapting strategy aligned with competitors' responses. Incremental bidding for analysis and aim for long-term profit through continuous learning and adapting.,False,False,False,1,1,1
8,Bidder Betty,13.0,13.0,"To maximize earnings, I'll strategically bid 50-70 when value >80, 30-50 if value is 60-80 and cautiously 10-30 if value is <60. Also, I'll occasionally bid aggressively on low values to gather data on Andy and Charles's reactions.",False,False,False,1,0,0
8,Bidder Charles,99.0,97.0,"My strategy involves bid oscillation between aggressive and conservative levels, informed by historical bidding patterns. I will experiment with bidding slightly above and slightly below my value, enabling adaptability. I aim to maximize profits through intelligent risk-taking and continual learning from competitors' tendencies and previous outcomes.",True,False,False,1,0,0
9,Bidder Andy,57.0,56.0,"In coming rounds, continue diversifying bids. High-risk high bids when value is high, low cautious bids for low values, and occasional random bids ensure unpredictability. Keep learning from competition, adapt accordingly, and keep revising bidding techniques incrementally for long-term profit maximization.",True,False,False,1,0,0
9,Bidder Betty,70.0,86.0,"Plan to bid 75-85 for >90 value, 50-70 for 70-90, 30-50 for <70. Study opponent patterns and flexibly adjust my bids. Occasionally, bid aggressively on lower value for data gathering. Balance between risk and profit maximization is key.",False,True,False,0,0,1
9,Bidder Charles,5.0,6.0,"I'll continue experimenting with alternating aggressive and conservative bids; however, I will lean more towards underbidding my value to improve profit margins, as long as it surpasses the anticipated bids of others. Regular analysis will fine-tune this approach over the coming rounds.",False,True,False,0,0,1
10,Bidder Andy,70.0,88.0,"For upcoming rounds, I plan to continue my high risk bids when my value is high, test lower bidding levels for smaller values, and sprinkle in random bids. I'll closely observe competitors, adjusting my strategies accordingly to maximize long-term profit, while also ensuring unpredictability.",False,True,False,1,0,1
10,Bidder Betty,40.0,7.0,"Plan to bid 80-90 for >90 value, 60-75 for 70-90, 35-55 for <70. Adjust based on opponents' patterns. Occasionally, bid aggressively on lower values for data gathering. Aim for profit maximization with calculated risks.",True,False,False,1,0,0
10,Bidder Charles,15.0,19.0,"My forthcoming strategy will experiment with varying bids to maximize profit. When my value is high, I'll place a bid closer to that value. If it's low, I'll underbid to investigate rivals' bidding patterns, while minimizing loss. I'll incorporate learnings from past rounds to dynamically adapt my bids.",False,True,False,0,0,1
11,Bidder Andy,58.0,58.0,"Continue aggressive high bids for high values, adopt cautious low bids for low values. Test random bids for pattern disruption. Monitor competitors, adapt strategy accordingly. Incrementally adjust bids, test $10 deduction/addition techniques for further learning and profit maximization.",False,False,False,1,0,1
11,Bidder Betty,56.0,56.0,"Next, for values >90, bid 80-90. For 70-90, bid 60-75. For <70, bid actual value or slightly higher. Also, explore occasional random and aggressive bids on lower values, adjusting strategy based on opponent's patterns. Balance risks, profit maximization is key.",False,False,False,0,0,1
11,Bidder Charles,44.0,3.0,"Continuing to optimize profit, I'll experiment bidding around median of historic winning bids. I'll evaluate risk with higher bids when my value is high. With lower values, I'll explore modest underbidding to learn more about competitors' bidding patterns, aiding future strategic decisions.",True,False,False,1,0,0
12,Bidder Andy,38.0,38.0,"Maintain diverse strategy - high-risk bids when value is high, cautious lower bids for low values. Continue random bids for unpredictability. Monitor competitors and adapt. Adjust bids incrementally, further experimenting with +/- $1 tactics, for maximum profit and learning.",False,False,False,0,0,1
12,Bidder Betty,85.0,92.0,"Plan: For >90 values, bid 80-90. For 70-90, bid 60-75. Else, bid actual value or slightly higher. Occasionally make aggressive and random bids on lower values to observe opponents' reactions. Balance risk and profit, adapting strategy based on lessons learned from previous rounds.",False,True,False,0,0,1
12,Bidder Charles,8.0,13.0,"I'll test bidding slightly below my value on high-valued rounds, and significantly below when values are low. By switching between conservative, aggressive, and median bidding, I'll continually adapt and refine strategies based on comparisons with previous rounds and competitors' trends.",False,True,False,0,0,0
13,Bidder Andy,95.0,95.0,"For high value prizes, continue high-risk bids, while employing cautious low bids for lesser value prizes. Disrupt patterns with occasional random bids. Keep refining strategy based on competitors' responses. Test a +/- $1 variation strategy for additional learnings and profit maximization. Remain unpredictable and adaptable.",False,False,False,1,0,1
13,Bidder Betty,45.0,40.0,"Next, I'll adjust my bids according to my value: For >90, bid 85-95; for 70-90, bid 60-80; for <70, bid 30-50. Occasionally, bid low on high values for data gathering and potential profit. Analyze opponents' strategies; the key is balancing risk and profit maximization.",True,False,False,0,0,0
13,Bidder Charles,73.0,73.0,"I will bid slightly lower when my value is small, and closer to my value when it's high. I'll also observe competitors' patterns and the correlation between their bids and winning. I'll stay flexible, adjusting my bids based on gained insights to ensure profit maximization.",False,False,False,0,0,1
14,Bidder Andy,23.0,43.0,"I will test bids $20 lower than my value for high values to increase profit potential, while maintaining cautious bids for low value prizes. Continue randomized bids for unpredictability and adjust bids incrementally for continual learning and strategy refinement.",False,True,False,0,1,1
14,Bidder Betty,35.0,30.0,"For values >90, bid 80-95. For 70-90, bid 60-75. For <70, bid 30-50. Assess opponents' patterns; balance aggressive and cautious bids. Selectively bid lower on high values for data gathering, keeping risk and profit maximization in mind.",True,False,False,0,0,0
14,Bidder Charles,84.0,84.0,"My future strategy involves a mix of conservative and aggressive bidding. For high values, I'll bid closer to the value. For low values, I'll bid cautiously low. Regular comparisons with previous rounds and competitors' patterns will refine this adaptable approach, leading to increased profits.",False,False,False,0,0,1
