answer,comment,bidder,value,price,remaining_bidders,Early,info,risk,second
1,"My value for the prize is 10, which is equal to the current price. If I continue bidding, I will not make any profit. Therefore, it is better to exit the auction now.",Bidder 2,10,10,3,False,Yes,Yes,Yes
1,"My value for the prize is 11, and the current price is 10. If I stay in the bidding and the price goes up even by 1 dollar, my profit will be zero or negative. Therefore, it is not worth staying in the bidding.",Bidder 2,11,10,3,False,Yes,Yes,Yes
1,"My value for the prize is 11, and the current price is 10. If I stay in the bidding and the price increases, my profit will be minimal or negative. Therefore, it is better to exit the bidding now.",Bidder 1,11,10,3,False,Yes,Yes,Yes
1,"My value for the prize is 11, which means if I stay in the bidding and win at the current price of 11, my profit will be 0. Therefore, it is not beneficial for me to continue bidding.",Bidder 2,11,11,3,False,Yes,Yes,Yes
1,"My value for the prize is 12, and the current price is 11. If I stay in the bidding and win at this price, my profit would be 12 - 11 = 1, which is very low. Given the history of exit prices, it is likely that the price will go higher, reducing my profit further. Therefore, it is better to exit now.",Bidder 0,12,11,3,False,Yes,Yes,Yes
1,"My value for the prize is 12, and the current price is 11. If I stay in the bidding and win at a price higher than 12, I will incur a loss. Given the history of high exit prices, it is likely that the price will exceed my value. Therefore, it is better to exit now to avoid a potential loss.",Bidder 2,12,11,3,False,Yes,Yes,Yes
1,"My value for the prize is 13, and the current price is 11. If I stay in the bidding and the price goes up by even 1 more dollar, my profit will be minimal or zero. Given the history of high exit prices, it's likely that the price will go higher, so it's better to exit now to avoid a potential loss.",Bidder 0,13,11,3,True,Yes,Yes,Yes
1,"My value for the prize is 13, and the current price is 11. If I stay in the bidding and the price goes up by even 1 more dollar, my profit will be minimal or negative. Therefore, it is better to exit now to avoid a potential loss.",Bidder 2,13,11,3,True,Yes,Yes,Yes
1,"My value for the prize is 13, and the current price is 12. If I stay in the bidding and win at a price higher than 13, I will incur a loss. Therefore, it is better to exit now to avoid potential losses.",Bidder 0,13,12,3,False,Yes,Yes,Yes
1,"My value for the prize is 14, and the current price is 12. If I stay in the bidding and win at a higher price, my profit will be very low or even negative. Given the history of high exit prices, it is likely that the price will go higher. Therefore, it is better to exit now to avoid a potential loss.",Bidder 1,14,12,3,True,Yes,Yes,Yes
1,"My value for the prize is 12, which means if I stay in the bidding and the price goes any higher, I will start incurring a loss. Therefore, it is better to exit the auction now.",Bidder 0,12,12,3,False,Yes,Yes,Yes
1,"My value for the prize is 14, and the current price is 13. If I stay in the bidding and win at a price higher than 14, I will incur a loss. Therefore, it is better to exit now to avoid potential losses.",Bidder 1,14,13,3,False,Yes,Yes,Yes
1,"My value for the prize is 14, and the current price is 13. If I stay in the bidding and win at a higher price, my profit will be less than 1 or even negative. Therefore, it is not worth staying in the bidding.",Bidder 1,14,13,3,False,Yes,Yes,Yes
1,"My value for the prize is 13, which means if I stay in the bidding and win at the current price of 13, my profit will be 0. To maximize my profits, it is better to exit the auction now.",Bidder 2,13,13,3,False,Yes,Yes,Yes
1,"My value for the prize is 15, and the current price is 14. If I stay in the bidding and win at a higher price, my profit will be minimal or even negative. Therefore, it is better to exit now to avoid potential losses.",Bidder 1,15,14,3,False,Yes,Yes,Yes
1,"My value for the prize is 15, and the current price is also 15. If I continue bidding, I will not make any profit, as my profit is calculated as my value minus the final bid. Therefore, it is better to exit the auction now.",Bidder 2,15,15,3,False,Yes,Yes,Yes
1,"My value for the prize is 17, and the current price is 15. If I stay in the bidding and win, my profit would be 17 - 15 = 2. Given the history, it is likely that the price will go higher, reducing my profit or even resulting in a loss. Therefore, it is better to exit now.",Bidder 0,17,15,3,True,Yes,No,Yes
1,"My value for the prize is 16, and the current price is 15. If I stay in the bidding and win, my profit would be 16 - 15 = 1, which is very low. Given the history of high exit prices, it is likely that the price will go higher, reducing my profit further or even resulting in a loss. Therefore, it is better to exit now.",Bidder 0,16,15,3,False,Yes,Yes,Yes
1,"My value for the prize is 16, and the current price is 15. If I stay in the bidding and win at a price higher than 16, I will incur a loss. Therefore, it is better to exit the bidding now to avoid potential losses.",Bidder 1,16,15,3,False,Yes,Yes,Yes
1,"My value for the prize is 15, which means if I stay in the bidding at the current price of 15, my profit would be 0. To maximize my profits, it is better to exit the auction now.",Bidder 1,15,15,3,False,Yes,Yes,Yes
1,"My value for the prize is 16, and the current price is 15. If I stay in the bidding and win at a higher price, my profit will be very low or even negative. Therefore, it is better to exit the bidding now to avoid potential losses.",Bidder 1,16,15,3,False,Yes,Yes,Yes
1,"My value for the prize is 15, which is equal to the current price. If I continue bidding, I will not make any profit. Therefore, it is better to exit the auction now.",Bidder 0,15,15,3,False,Yes,Yes,Yes
1,"My value for the prize is 16, and the current price is also 16. If I continue bidding, I risk making no profit or even a loss. Therefore, it is better to exit the auction now.",Bidder 2,16,16,3,False,Yes,Yes,Yes
1,"My value for the prize is 20, and the current price is 16. If I stay in the bidding and win at a higher price, my profit will decrease. Given that the price is already close to my value, it is better to exit now to avoid the risk of a lower profit or no profit at all.",Bidder 0,20,16,3,True,Yes,Yes,Yes
1,"My value for the prize is 19, and the current price is 16. If I continue bidding, I risk reducing my profit margin significantly. Given that the price is already close to my value, it is better to exit now to avoid a potential loss or minimal profit.",Bidder 2,19,16,3,True,Yes,Yes,Yes
1,"My value for the prize is 17, which means if I stay in the bidding and win at the current price of 17, my profit will be 0. To maximize my profits, it is better to exit the auction now.",Bidder 2,17,17,3,False,Yes,Yes,Yes
1,"My value for the prize is 20, and the current price is 17. If I stay in the bidding and win, my profit would be 20 - 17 = 3. Given the history of exit prices, it is likely that the price will go higher, reducing my profit further or even resulting in a loss. Therefore, it is better to exit now.",Bidder 0,20,17,3,True,Yes,Yes,Yes
1,"My value for the prize is 17, which is equal to the current price. If I stay in the bidding and win, my profit will be 0 (17 - 17). Therefore, it is better to exit the auction now to avoid the risk of a negative profit.",Bidder 2,17,17,3,False,Yes,Yes,Yes
1,"My value for the prize is 18, and the current price is 17. If I stay in the bidding and the price goes up to 18 or higher, I will not make any profit. Therefore, it is better to exit now to avoid a potential loss.",Bidder 2,18,17,3,False,Yes,Yes,Yes
1,"My value for the prize is 17, and the current price is also 17. If I stay in the bidding and win, my profit would be 0 (17 - 17). Therefore, it is not beneficial for me to continue bidding.",Bidder 2,17,17,3,False,Yes,Yes,Yes
1,"My value for the prize is 20, and the current price is 18. If I stay in the bidding and win at a higher price, my profit will be minimal or zero. Given the history of exit prices, it is likely that the price will go higher than 20, making it unprofitable for me to stay in the bidding.",Bidder 0,20,18,3,True,Yes,Yes,Yes
1,"My value for the prize is 18, which means if I stay in the bidding and the price goes any higher, I will start making a loss. Therefore, it is better to exit the auction now to avoid a negative profit.",Bidder 2,18,18,3,False,Yes,Yes,Yes
1,"My value for the prize is 20, and the current price is 18. If I continue bidding, I risk winning the prize at a price that leaves me with little to no profit. Therefore, I choose to exit the bidding to avoid a potential loss.",Bidder 1,20,18,3,True,Yes,Yes,Yes
1,"My value for the prize is 18, and the current price is also 18. If I continue bidding, I risk making no profit or even a loss. Therefore, it is better to exit the auction now.",Bidder 0,18,18,3,False,Yes,Yes,Yes
1,"My value for the prize is 18, and the current price is also 18. If I stay in the bidding and win, my profit will be 18 - 18 = 0. Therefore, it is not beneficial for me to stay in the bidding at this price.",Bidder 0,18,18,3,False,Yes,Yes,Yes
1,"My value for the prize is 18, and the current price is also 18. If I stay in the bidding and win, my profit will be 18 - 18 = 0. Therefore, it is not beneficial for me to stay in the bidding.",Bidder 2,18,18,3,False,Yes,Yes,Yes
1,"My value for the prize is 18, and the current price is also 18. If I continue bidding, I will not make any profit even if I win. Therefore, it is better to exit the auction now.",Bidder 1,18,18,3,False,Yes,Yes,Yes
1,"My value for the prize is 19, and the current price is also 19. If I stay in the bidding and win, my profit will be 19 - 19 = 0. Therefore, it is not beneficial for me to continue bidding.",Bidder 0,19,19,3,False,Yes,Yes,Yes
1,"My value for the prize is 25, and the current price is 19. If I stay in the bidding and win at a higher price, my profit will decrease. Given that the profit margin is already narrow (25 - 19 = 6), it is better to exit now to avoid the risk of a lower profit or no profit at all.",Bidder 1,25,19,3,True,Yes,Yes,Yes
1,"Since my value for the prize is 25, if I stay in the bidding and win at the current price of 19, my profit would be 25 - 19 = 6. However, based on previous rounds, other bidders have also exited at 19. To maximize my profits, I should exit now to avoid a potential tie or overbidding.",Bidder 1,25,19,3,True,Yes,No,Yes
1,"My value for the prize is 21, and the current price is 19. If I stay in the bidding and win at a price higher than 19, my profit will be minimal or even negative. Therefore, it is better to exit the bidding now to avoid potential losses.",Bidder 0,21,19,3,True,Yes,Yes,Yes
1,"My value for the prize is 20, and the current price is 19. If I stay in the bidding and win at a price higher than 19, my profit will be minimal or zero. Therefore, it is better to exit now to avoid a potential loss.",Bidder 2,20,19,3,False,Yes,Yes,Yes
1,"My value for the prize is 21, and the current price is 19. If I stay in the bidding and win, my profit would be 21 - 19 = 2. Given the history of high exit prices and low profits, it is likely that the price will go higher, reducing my potential profit or even resulting in a loss. Therefore, it is better to exit now.",Bidder 0,21,19,3,True,Yes,Yes,Yes
1,"My value for the prize is 20, and the current price is 19. If I stay in the bidding and win at a price higher than 19, my profit will be minimal or zero. Therefore, it is better to exit now to avoid a potential loss.",Bidder 2,20,19,3,False,Yes,Yes,Yes
1,"My value for the prize is 19, and the current price is also 19. If I continue bidding, I will not make any profit. Therefore, it is better to exit the auction now.",Bidder 0,19,19,3,False,Yes,Yes,Yes
1,"My value for the prize is 25, and the current price is 20. If I stay in the bidding and win, my profit would be 25 - 20 = 5. Given the history, other bidders have exited at prices around 19-26, so it's likely that the price will go higher. To maximize my profits, it's better to exit now and avoid the risk of a higher price.",Bidder 2,25,20,3,True,Yes,Yes,Yes
1,"My value for the prize is 24, and the current price is 20. If I stay in the bidding and win, my profit would be 24 - 20 = 4. Given the history, it seems that other bidders often have high values, and the price might go higher. To maximize my profits, it is better to exit now and avoid the risk of a lower profit or no profit at all.",Bidder 1,24,20,3,True,Yes,Yes,Yes
1,"My value for the prize is 23, and the current price is 20. If I stay in the bidding and win, my profit would be 23 - 20 = 3. Given the history, it seems that other bidders often exit around this price range. To maximize my profits, it is better to exit now and avoid the risk of a lower profit or no profit at all.",Bidder 1,23,20,3,True,Yes,Yes,Yes
1,"My value for the prize is 22, and the current price is 20. If I stay in the bidding and win, my profit would be 22 - 20 = 2, which is quite low. Given the history of high exit prices, it's likely that the other bidder has a high value as well. Therefore, it's better to exit now to avoid a potential loss or minimal profit.",Bidder 2,22,20,3,True,Yes,Yes,Yes
1,"My value for the prize is 22, and the current price is 20. If I stay in the bidding and win, my profit would be 22 - 20 = 2. Given the history, it seems that other bidders often have higher values, and staying in the auction might not be worth the risk of a low profit or no profit at all. Therefore, I choose to exit the bidding.",Bidder 2,22,20,3,True,Yes,No,Yes
1,"My value for the prize is 23, and the current price is 20. If I stay in the bidding and win, my profit would be 23 - 20 = 3. Given the history, it is likely that the other bidder has a similar or higher value, and the price may go higher. To maximize my profits, it is better to exit now and avoid the risk of a lower profit or no profit at all.",Bidder 0,23,20,3,True,Yes,No,Yes
1,"My value for the prize is 23, and the current price is 20. If I stay in the bidding and win, my profit would be 23 - 20 = 3. Given the history, it is likely that the price will go higher, reducing my profit or even making it negative. Therefore, it is better to exit now to avoid potential losses.",Bidder 2,23,20,3,True,Yes,Yes,Yes
1,"My value for the prize is 23, and the current price is 20. If I stay in the bidding and win, my profit would be 23 - 20 = 3. Given the history, it is likely that the price will go higher, reducing my profit or even making it negative. Therefore, it is better to exit now to avoid potential losses.",Bidder 0,23,20,3,True,Yes,Yes,Yes
1,"My value for the prize is 22, and the current price is 20. If I stay in the bidding and win, my profit would be 22 - 20 = 2. Given that the price is already very close to my value, the potential profit is minimal. Therefore, it is better to exit the bidding now to avoid the risk of making a loss or a negligible profit.",Bidder 0,22,20,3,True,Yes,Yes,Yes
1,"My value for the prize is 21, and the current price is 20. If I stay in the bidding and win, my profit would be 21 - 20 = 1, which is very low. It's better to exit now to avoid the risk of a negative profit if the price goes higher.",Bidder 1,21,20,3,False,Yes,Yes,Yes
1,"My value for the prize is 22, and the current price is 20. If I continue bidding, I risk winning the prize at a price that leaves me with minimal profit. Given the history of high exit prices, it is likely that the price will go higher than 22, resulting in a loss. Therefore, it is better to exit now.",Bidder 1,22,20,3,True,Yes,Yes,Yes
1,"My value for the prize is 21, and the current price is 20. If I stay in the bidding and win at a price higher than 21, my profit will be negative. Therefore, it is better to exit the bidding now to avoid a potential loss.",Bidder 0,21,20,3,False,Yes,Yes,Yes
1,"My value for the prize is 22, and the current price is 21. If I stay in the bidding and win at a price higher than 21, my profit will be minimal or negative. Therefore, it is better to exit now to avoid a potential loss.",Bidder 0,22,21,3,False,Yes,Yes,Yes
1,"My value for the prize is 24, and the current price is 21. If I stay in the bidding and win, my profit would be 24 - 21 = 3. Given that the price is already quite high and close to my value, the potential profit is minimal. It's better to exit now to avoid the risk of making a loss or a very small profit.",Bidder 0,24,21,3,True,Yes,Yes,Yes
1,"My value for the prize is 25, and the current price is 21. If I continue bidding, my profit margin will be very slim. Given the history of high exit prices, it's likely that the price will go higher, reducing my potential profit or even resulting in a loss. Therefore, it's better to exit now.",Bidder 2,25,21,3,True,Yes,Yes,Yes
1,"My value for the prize is 23, and the current price is 21. If I stay in the bidding and win, my profit would be 23 - 21 = 2. The profit margin is very low, and there is a risk that the price could go higher, resulting in a loss. Therefore, it is better to exit the bidding now.",Bidder 2,23,21,3,True,Yes,Yes,Yes
1,"My value for the prize is 24, and the current price is 21. If I stay in the bidding and win at a higher price, my profit will be reduced. Given the history, it is likely that the price will go higher, reducing my profit further. Therefore, it is better to exit now to avoid a minimal profit or a potential loss.",Bidder 0,24,21,3,True,Yes,Yes,Yes
1,"My value for the prize is 24, and the current price is 21. If I stay in the bidding and win, my profit would be 24 - 21 = 3. Given the history, it seems that other bidders tend to exit around this price range or higher. To maximize my profits, it is better to exit now and avoid the risk of a lower profit or no profit at all.",Bidder 0,24,21,3,True,Yes,No,Yes
1,"My value for the prize is 23, and the current price is 21. If I stay in the bidding and win at a higher price, my profit margin will be very slim. Given the history of high exit prices, it is likely that the price will go higher than 23, which would result in a loss. Therefore, it is better to exit now to avoid potential losses.",Bidder 1,23,21,3,True,Yes,Yes,Yes
1,"My value for the prize is 25, and the current price is 21. If I stay in the bidding and win at this price, my profit would be 25 - 21 = 4. Given the history, it seems that other bidders often exit around this price range or higher. To maximize my profits, it might be better to exit now and avoid the risk of a lower profit or no profit if the price goes higher.",Bidder 2,25,21,3,True,Yes,Yes,Yes
1,"My value for the prize is 25, and the current price is 21. If I stay in the bidding and win at a higher price, my profit will decrease. Given the history, it seems prudent to exit now to avoid a minimal profit or potential loss.",Bidder 0,25,21,3,True,Yes,Yes,Yes
1,"My value for the prize is 23, and the current price is 21. If I stay in the bidding and win at a higher price, my profit will be minimal or even zero. Given the history of high exit prices, it's better to exit now to avoid a potential loss.",Bidder 1,23,21,3,True,Yes,Yes,Yes
1,"My value for the prize is 25, and the current price is 22. If I stay in the bidding and win, my profit would be 25 - 22 = 3. Given the history of high exit prices, it is likely that the price will go higher, reducing my profit further. Therefore, it is better to exit now to avoid a potential loss.",Bidder 1,25,22,3,True,Yes,Yes,Yes
1,"My value for the prize is 24, and the current price is 23. If I stay in the bidding and win at a higher price, my profit will be minimal or even negative. Therefore, it is better to exit now to avoid potential losses.",Bidder 0,24,23,3,False,Yes,Yes,Yes
1,"My value for the prize is 26, and the current price is 23. If I stay in the bidding and win, my profit would be 26 - 23 = 3. Given the history of high exit prices and the likelihood that the price will go higher, it is better to exit now to avoid a potential loss or minimal profit.",Bidder 1,26,23,3,True,Yes,Yes,Yes
1,"My value for the prize is 26, and the current price is 23. If I stay in the bidding and win, my profit would be 26 - 23 = 3. Given the history, it is likely that the price will go higher, reducing my profit or even making it negative. Therefore, it is better to exit now to avoid potential losses.",Bidder 2,26,23,3,True,Yes,Yes,Yes
1,"My value for the prize is 26, and the current price is 23. If I stay in the bidding and win at a higher price, my profit will be reduced. Given the history of exit prices, it is likely that the price will go higher, reducing my potential profit. Therefore, I choose to exit now to avoid a lower profit or a potential loss.",Bidder 2,26,23,3,True,Yes,Yes,Yes
1,"My value for the prize is 24, and the current price is 23. If I stay in the bidding and win at 24, my profit will be 0 (24 - 24). It's better to exit now to avoid the risk of making no profit.",Bidder 1,24,23,3,False,Yes,Yes,Yes
1,"My value for the prize is 25, and the current price is 23. If I stay in the bidding and win, my profit would be 25 - 23 = 2, which is quite low. Given the history of exit prices, it is likely that the price will go higher, reducing my profit further. Therefore, it is better to exit now to avoid a potential loss.",Bidder 1,25,23,3,True,Yes,Yes,Yes
1,"My value for the prize is 25, and the current price is 24. If I stay in the bidding and win, my profit would be 25 - 24 = 1, which is very low. It's better to exit now to avoid the risk of making a loss or a negligible profit.",Bidder 2,25,24,3,False,Yes,Yes,Yes
1,"My value for the prize is 26, and the current price is 24. If I stay in the bidding and win, my profit would be 26 - 24 = 2. Given the history of previous rounds, it is likely that the price will go higher, reducing my profit or even resulting in a loss. Therefore, it is better to exit now to avoid potential losses.",Bidder 1,26,24,3,True,Yes,Yes,Yes
1,"My value for the prize is 25, and the current price is 24. If I stay in the bidding and win, my profit would be 25 - 24 = 1, which is very low. Given the high likelihood that other bidders also have high values, it is better to exit now to avoid the risk of making a minimal profit or even a loss.",Bidder 2,25,24,3,False,Yes,Yes,Yes
1,"My value for the prize is 29, and the current price is 24. If I stay in the bidding and win, my profit would be 29 - 24 = 5. Given the history, it seems that other bidders often exit around this price range or slightly higher. To maximize my profits, I should exit now to avoid the risk of overbidding and potentially making a lower profit or no profit at all.",Bidder 1,29,24,3,True,Yes,Yes,Yes
1,"My value for the prize is 30, and the current price is 26. If I continue bidding and win, my profit would be 30 - 26 = 4. Given that the price is already quite high, the potential profit is low, and there is a risk that the price could go even higher, reducing my profit further or resulting in a loss. Therefore, it is better to exit the bidding now.",Bidder 2,30,26,3,True,Yes,Yes,Yes
1,"My value for the prize is 27, and the current price is 26. If I stay in the bidding and the price increases to 27 or higher, my profit will be zero or negative. Therefore, it is better to exit the bidding now to avoid a potential loss.",Bidder 1,27,26,3,False,Yes,Yes,Yes
1,"My value for the prize is 27, and the current price is 26. If I stay in the bidding and win at a price higher than 26, my profit will be minimal or zero. Therefore, it is better to exit now to avoid the risk of a negative profit.",Bidder 2,27,26,3,False,Yes,Yes,Yes
1,"My value for the prize is 26, and the current price is also 26. If I continue bidding, I will not make any profit. Therefore, it is better to exit the auction now.",Bidder 2,26,26,3,False,Yes,Yes,Yes
1,"My value for the prize is 30. If I stay in the bidding and win at a price higher than 26, my profit will be less than 4. Given the history of previous rounds where the exit prices were close to or above 28, it is likely that the price will go higher than 26. Therefore, it is better to exit now to avoid a low or negative profit.",Bidder 1,30,26,3,True,Yes,Yes,Yes
1,"My value for the prize is 26, and the current price is also 26. If I continue bidding, I risk making no profit or even a loss. Therefore, it is better to exit the auction now.",Bidder 0,26,26,3,False,Yes,Yes,Yes
1,"My value for the prize is 30, and the current price is 27. If I stay in the bidding and win, my profit would be 30 - 27 = 3. Given the history, it is likely that the other bidder has a similar value, and the price may go higher. To maximize my profits, it is better to exit now and avoid the risk of a lower profit or no profit at all.",Bidder 1,30,27,3,True,Yes,Yes,Yes
1,"Since the current price is equal to my value for the prize, staying in the bidding would result in zero profit. Therefore, it is better to exit the bidding now.",Bidder 2,27,27,3,False,Yes,Yes,Yes
1,"My value for the prize is 28, and the current price is 27. If I stay in the bidding and win, my profit would be 28 - 27 = 1, which is very low. Given the history of high exit prices, it is likely that the price will go higher, reducing my profit further or even resulting in a loss. Therefore, it is better to exit now.",Bidder 2,28,27,3,False,Yes,Yes,Yes
1,"My value for the prize is 29, and the current price is 28. If I stay in the bidding and win, my profit would be 29 - 28 = 1, which is very low. It's better to exit now to avoid the risk of making a negligible profit or even a loss if the price goes higher.",Bidder 0,29,28,3,False,Yes,Yes,Yes
1,"My value for the prize is 32, and the current price is 28. If I stay in the bidding and win at this price, my profit would be 32 - 28 = 4. Given that the profit margin is quite low and there is a risk of the price increasing further, it is more strategic to exit now to avoid potential losses.",Bidder 1,32,28,3,True,Yes,Yes,Yes
1,"My value for the prize is 28, and the current price is also 28. If I continue bidding, I will not make any profit. Therefore, it is better to exit the auction now.",Bidder 2,28,28,3,False,Yes,Yes,Yes
1,"My value for the prize is 30, and the current price is 29. If I stay in the bidding and win at 30, my profit will be 0 (30 - 30). It's better to exit now to avoid the risk of making no profit.",Bidder 2,30,29,3,False,Yes,Yes,Yes
1,"My value for the prize is 29, and the current price is also 29. If I stay in the bidding and win, my profit will be 29 - 29 = 0. Therefore, it is not beneficial for me to stay in the bidding.",Bidder 2,29,29,3,False,Yes,Yes,Yes
1,"My value for the prize is 30, and the current price is 29. If I stay in the bidding and win, my profit would be 30 - 29 = 1, which is very low. It's better to exit now to avoid the risk of making a negligible profit or even a loss if the price goes higher.",Bidder 2,30,29,3,False,Yes,Yes,Yes
1,"My value for the prize is 30, and the current price is 29. If I stay in the bidding and win, my profit would be 30 - 29 = 1, which is very low. Given the risk of potentially losing money if the price goes higher, it is better to exit now.",Bidder 0,30,29,3,False,Yes,Yes,Yes
1,"The current price is 29, and my value for the prize is 32. If I stay in the bidding and win at this price, my profit would be 32 - 29 = 3. Given the history of high exit prices, it is likely that the price will go higher, reducing my profit further. Therefore, it is better to exit now to avoid a potential loss or minimal profit.",Bidder 2,32,29,3,True,Yes,Yes,Yes
1,"My value for the prize is 31, and the current price is 30. If I stay in the bidding and win at 31, my profit will be 0 (31 - 31). Since the profit margin is too low and the risk of losing money is high, it is better to exit the bidding now.",Bidder 0,31,30,3,False,Yes,Yes,Yes
1,"My value for the prize is 33, and the current price is 30. If I stay in the bidding and win, my profit would be 33 - 30 = 3. Given that the price is already quite high, the potential profit is very low, and there is a risk that the price could go even higher, resulting in a loss. Therefore, it is better to exit the bidding now.",Bidder 0,33,30,3,True,Yes,Yes,Yes
1,"My value for the prize is 31, and the current price is 30. If I stay in the bidding and win, my profit would be 31 - 30 = 1, which is very low. It's better to exit now to avoid the risk of making a loss or a negligible profit.",Bidder 2,31,30,3,False,Yes,Yes,Yes
1,"My value for the prize is 34, and the current price is 30. If I stay in the bidding and win, my profit would be 34 - 30 = 4. Given the history, it seems that other bidders tend to exit around this price range. To maximize my profits, it is better to exit now and avoid the risk of a lower profit or no profit at all.",Bidder 1,34,30,3,True,Yes,Yes,Yes
1,"My value for the prize is 33, and the current price is 30. If I stay in the bidding and win at a higher price, my profit will be minimal or even negative. Therefore, it is better to exit the bidding now to avoid potential losses.",Bidder 1,33,30,3,True,Yes,Yes,Yes
1,"My value for the prize is 31, and the current price is 30. If I stay in the bidding and win, my profit would be 31 - 30 = 1, which is very low. Given the history of exit prices and profits, it is likely that the other bidder may have a similar or higher value, making it risky to continue. Therefore, I choose to exit the bidding to avoid a minimal profit or potential loss.",Bidder 0,31,30,3,False,Yes,Yes,Yes
1,"The current price is 31, and my value for the prize is 34. If I stay in the bidding and win at this price, my profit would be 34 - 31 = 3. This is a very low profit margin, and there is a risk that the price could go even higher, resulting in no profit or a loss. Therefore, it is better to exit the bidding now.",Bidder 1,34,31,3,True,Yes,Yes,Yes
1,"My value for the prize is 31, and the current price is also 31. If I stay in the bidding and win, my profit will be 31 - 31 = 0. Therefore, it is better to exit the bidding now to avoid the risk of making no profit.",Bidder 1,31,31,3,False,Yes,Yes,Yes
1,"My value for the prize is 32, and the current price is 31. If I stay in the bidding and win at 32, my profit will be 32 - 32 = 0. Given the history, it's likely that the other bidder may also have a high value, so it's better to exit now to avoid a potential loss.",Bidder 2,32,31,3,False,Yes,Yes,Yes
1,"My value for the prize is 35, and the current price is 32. If I continue bidding and win, my profit would be 35 - 32 = 3. Given the high current price, the potential profit is minimal, and the risk of overbidding is high. Therefore, it is better to exit the auction now to avoid a potential loss.",Bidder 1,35,32,2,True,Yes,Yes,Yes
