answer,comment,bidder,value,price
0,"My value for the prize is 33, which is significantly higher than the current price of 10. Staying in the bidding at this point maximizes my potential profit.",Bidder 0,33,10
0,"My value for the prize is 34, which is significantly higher than the current price of 10. Staying in the bidding at this point maximizes my potential profit.",Bidder 1,34,10
0,"My value for the prize is 31, which is significantly higher than the current price of 10. Staying in the bidding at this point maximizes my potential profit.",Bidder 2,31,10
0,"My value for the prize is 33, which is significantly higher than the current price of 11. Staying in the bidding at this stage maximizes my chances of winning the prize at a profitable price.",Bidder 0,33,11
0,"My value for the prize is 34, which is significantly higher than the current price of 11. Staying in the bidding at this stage maximizes my chances of winning the prize at a profitable price.",Bidder 1,34,11
0,"My value for the prize is 31, which is significantly higher than the current price of 11. Staying in the bidding at this stage maximizes my chances of winning the prize at a profitable price.",Bidder 2,31,11
0,"My value for the prize is 33, which is significantly higher than the current price of 12. Staying in the bidding at this stage maximizes my potential profit.",Bidder 0,33,12
0,"My value for the prize is 34, which is significantly higher than the current price of 12. Staying in the bidding at this stage maximizes my potential profit.",Bidder 1,34,12
0,"My value for the prize is 31, which is significantly higher than the current price of 12. Staying in the bidding at this stage maximizes my potential profit.",Bidder 2,31,12
0,"My value for the prize is 33, which is significantly higher than the current price of 13. Staying in the bidding is a good strategy to maximize my potential profit.",Bidder 0,33,13
0,"My value for the prize is 34, which is significantly higher than the current price of 13. Staying in the bidding at this stage maximizes my chances of winning the prize while still maintaining a good profit margin.",Bidder 1,34,13
0,"My value for the prize is 31, which is significantly higher than the current price of 13. Staying in the bidding is a good strategy to maximize my potential profit.",Bidder 2,31,13
0,"My value for the prize is 33, which is significantly higher than the current price of 14. Staying in the bidding at this point maximizes my potential profit.",Bidder 0,33,14
0,"My value for the prize is 34, which is significantly higher than the current price of 14. Staying in the bidding at this point maximizes my potential profit.",Bidder 1,34,14
0,"My value for the prize is 31, which is significantly higher than the current price of 14. Staying in the bidding at this stage maximizes my potential profit.",Bidder 2,31,14
0,"My value for the prize is 33, which is significantly higher than the current price of 15. Staying in the bidding at this stage maximizes my chances of winning the prize while still maintaining a good profit margin.",Bidder 0,33,15
0,"My value for the prize is 34, which is significantly higher than the current price of 15. Staying in the bidding at this stage maximizes my chances of winning the prize at a profitable price.",Bidder 1,34,15
0,"My value for the prize is 31, which is significantly higher than the current price of 15. Staying in the bidding at this stage maximizes my chances of winning the prize while still maintaining a good profit margin.",Bidder 2,31,15
0,"My value for the prize is 33, which is significantly higher than the current price of 16. Staying in the bidding at this point maximizes my potential profit.",Bidder 0,33,16
0,"I will stay in the bidding because my value for the prize is 34, which is significantly higher than the current price of 16. This means there is still a good potential for profit.",Bidder 1,34,16
0,"I will stay in the bidding because my value for the prize is 31, which is significantly higher than the current price of 16. This means there is still a good potential for profit.",Bidder 2,31,16
0,"My value for the prize is 33, which is significantly higher than the current price of 17. Staying in the bidding is a good strategy to maximize my potential profit.",Bidder 0,33,17
0,"My value for the prize is 34, which is significantly higher than the current price of 17. Staying in the bidding at this stage maximizes my chances of winning the prize and making a profit.",Bidder 1,34,17
0,"I will stay in the bidding because my value for the prize is 31, which is significantly higher than the current price of 17. This means there is still a good potential for profit.",Bidder 2,31,17
0,"My value for the prize is 33, which is significantly higher than the current price of 18. Staying in the bidding is a good strategy to maximize my potential profit.",Bidder 0,33,18
0,"My value for the prize is 34, which is significantly higher than the current price of 18. Staying in the bidding at this stage maximizes my potential profit.",Bidder 1,34,18
0,"I will stay in the bidding because my value for the prize is 31, which is significantly higher than the current price of 18. This means there is still a good potential for profit.",Bidder 2,31,18
0,"My value for the prize is 33, which is significantly higher than the current price of 19. Staying in the bidding at this point maximizes my potential profit.",Bidder 0,33,19
0,"My value for the prize is 34, which is significantly higher than the current price of 19. Staying in the bidding is a good strategy to maximize my potential profit.",Bidder 1,34,19
0,"I will stay in the bidding because my value for the prize is 31, which is significantly higher than the current price of 19. This means I still have a potential profit margin of 12 if I win at this price.",Bidder 2,31,19
0,"My value for the prize is 33, which is significantly higher than the current price of 20. Staying in the bidding at this point maximizes my potential profit.",Bidder 0,33,20
0,"My value for the prize is 34, which is significantly higher than the current price of 20. Staying in the bidding at this point maximizes my potential profit.",Bidder 1,34,20
0,"My value for the prize is 31, which means I can still make a profit if I win the bid at the current price of 20. Therefore, I will stay in the bidding.",Bidder 2,31,20
0,"My value for the prize is 33, and the current price is 21. Since my profit would be 33 - 21 = 12 if I win, it is still beneficial for me to stay in the bidding.",Bidder 0,33,21
0,"My value for the prize is 34, which is significantly higher than the current price of 21. Staying in the bidding at this stage maximizes my potential profit.",Bidder 1,34,21
0,"My value for the prize is 31, which is significantly higher than the current price of 21. Staying in the bidding is a good strategy to maximize my potential profit.",Bidder 2,31,21
0,"My value for the prize is 33, and the current price is 22. Staying in the bidding still allows for a potential profit of 11 (33 - 22). Therefore, it is beneficial to continue bidding at this stage.",Bidder 0,33,22
0,"My value for the prize is 34, and the current price is 22. Since my profit would be 34 - 22 = 12 if I win, it is still beneficial for me to stay in the bidding.",Bidder 1,34,22
0,"My value for the prize is 31, so I can still make a profit if I win the bid at the current price of 22. Therefore, I will stay in the bidding.",Bidder 2,31,22
0,"My value for the prize is 33, and the current price is 23. Staying in the bidding still allows for a potential profit of 10 (33 - 23). Therefore, it is beneficial to continue bidding at this stage.",Bidder 0,33,23
0,"My value for the prize is 34, and the current price is 23. If I win at this price, my profit will be 34 - 23 = 11, which is still positive. Therefore, I will stay in the bidding.",Bidder 1,34,23
0,"I will stay in the bidding because my value for the prize is 31, which is significantly higher than the current price of 23. This means I still have a potential profit of 8 if I win at this price.",Bidder 2,31,23
0,"I will stay in the bidding because my value for the prize is 33, and the current price is 24. This means I can still make a profit of 33 - 24 = 9 if I win the bid.",Bidder 0,33,24
0,"My value for the prize is 34, and the current price is 24. If I win the bid at this price, my profit will be 34 - 24 = 10, which is still positive. Therefore, it makes sense to stay in the bidding for now.",Bidder 1,34,24
0,"My value for the prize is 31, so I can still make a profit if I win the bid at the current price of 24. Therefore, I will stay in the bidding.",Bidder 2,31,24
0,"My value for the prize is 33, so I can still make a profit if I win the bid at the current price of 25. I will stay in the bidding for now.",Bidder 0,33,25
0,"My value for the prize is 34, and the current price is 25. If I win the bid at this price, my profit will be 34 - 25 = 9, which is still positive. Therefore, I will stay in the bidding.",Bidder 1,34,25
0,"My value for the prize is 31, so I can still make a profit if I win the bid at the current price of 25. Therefore, I will stay in the bidding.",Bidder 2,31,25
0,"My value for the prize is 33, so I can still make a profit if I win the bid at the current price of 26. Therefore, I will stay in the bidding.",Bidder 0,33,26
0,"My value for the prize is 34, so I can still make a profit if I win the bid at the current price of 26. I will stay in the bidding.",Bidder 1,34,26
0,"My value for the prize is 31, so I can still make a profit if I win the bid at the current price of 26. I will stay in the bidding for now.",Bidder 2,31,26
0,"My value for the prize is 33, so I can still make a profit if I win the bid at the current price of 27. Therefore, I will stay in the bidding.",Bidder 0,33,27
0,"My value for the prize is 34, and the current price is 27. If I win the bid at this price, my profit will be 34 - 27 = 7. Since this is still a positive profit, I will stay in the bidding.",Bidder 1,34,27
0,"My value for the prize is 31, so I can still make a profit if I win the bid at the current price of 27. Therefore, I will stay in the bidding.",Bidder 2,31,27
0,"My value for the prize is 33, so I can still make a profit if I win the bid at the current price of 28. I will stay in the bidding to maximize my potential profit.",Bidder 0,33,28
0,"My value for the prize is 34, so I can still make a profit if I win the bid at the current price of 28. I will stay in the bidding for now.",Bidder 1,34,28
0,"My value for the prize is 31, so I can still make a profit if I win the bid at the current price of 28. I will stay in the bidding for now.",Bidder 2,31,28
0,"My value for the prize is 33, so I can still make a profit if I win the bid at the current price of 29. My profit would be 33 - 29 = 4, which is positive. Therefore, I will stay in the bidding.",Bidder 0,33,29
0,"My value for the prize is 34, and the current price is 29. If I win the bid at this price, my profit will be 34 - 29 = 5. Since I still have a positive profit, I will stay in the bidding.",Bidder 1,34,29
0,"My value for the prize is 31, so I can still make a profit if I win the bid at the current price of 29. My profit would be 31 - 29 = 2, which is better than dropping out and earning nothing.",Bidder 2,31,29
0,"I will stay in the bidding because my value for the prize is 33, and the current price is 30. This means I can still make a profit of 3 if I win the bid.",Bidder 0,33,30
0,"My value for the prize is 34, so I can still make a profit if I win the bid at the current price of 30. My profit would be 34 - 30 = 4, which is positive. Therefore, I will stay in the bidding.",Bidder 1,34,30
0,"My value for the prize is 31, so I can still make a profit if I win the bid at the current price of 30. Therefore, I will stay in the bidding.",Bidder 2,31,30
0,"My value for the prize is 33, and the current price is 31. If I win the bid at this price, my profit will be 33 - 31 = 2. Since I still have a positive profit, I will stay in the bidding.",Bidder 0,33,31
0,"My value for the prize is 34, so I can still make a profit if I win the bid at the current price of 31. I will stay in the bidding for now.",Bidder 1,34,31
0,"My value for the prize is 31, so at the current price of 31, I would break even if I win. Since there is still a chance that other bidders might drop out soon, I will stay in the bidding for now.",Bidder 2,31,31
0,"My value for the prize is 33, and the current price is 32. If I win the bid at this price, my profit will be 33 - 32 = 1. Since I still have a positive profit, I will stay in the bidding.",Bidder 0,33,32
0,"My value for the prize is 34, so I can still make a profit if I win the bid at the current price of 32. Therefore, I will stay in the bidding.",Bidder 1,34,32
1,"My value for the prize is 31. If I continue bidding at a price of 32, I will incur a loss because my profit would be 31 - 32 = -1. Therefore, it is not beneficial for me to stay in the bidding.",Bidder 2,31,32
0,"My value for the prize is 33, which means I will break even if I win the bid at the current price of 33. Since the other player has dropped out, I will win the prize and my profit will be 0. However, if I drop out now, my profit will also be 0. Therefore, I will stay in the bidding to win the prize.",Bidder 0,33,33
0,"My value for the prize is 34, and the current price is 33. If I win the bid at this price, my profit will be 34 - 33 = 1. Since I will still make a profit, I will stay in the bidding.",Bidder 1,34,33
1,"My value for the prize is 33, and the current price is 34. If I continue bidding, I would incur a loss because the bid price exceeds my value for the prize. Therefore, it is not profitable to stay in the bidding.",Bidder 0,33,34
0,"My value for the prize is 34, which means if I win the bid at the current price of 34, my profit will be 0 (34 - 34 = 0). Since there is a chance that the other bidder might drop out soon, I will stay in the bidding for now to see if I can win the prize at a lower price.",Bidder 1,34,34
0,"My value for the prize is 20, which is higher than the current price of 10. Staying in the bidding at this point maximizes my potential profit.",Bidder 0,20,10
0,"My value for the prize is 27, which is significantly higher than the current price of 10. Staying in the bidding at this point maximizes my potential profit.",Bidder 1,27,10
0,"My value for the prize is 36, which is significantly higher than the current price of 10. Staying in the bidding at this point maximizes my chances of winning the prize at a profitable price.",Bidder 2,36,10
0,"My value for the prize is 20, and the current price is only 11. Staying in the bidding is a good strategy to maximize my potential profit.",Bidder 0,20,11
0,"The current price is 11, which is significantly lower than my value of 27. Staying in the bidding at this stage maximizes my chances of winning the prize at a profitable price.",Bidder 1,27,11
0,"My value for the prize is 36, which is significantly higher than the current price of 11. Staying in the bidding at this point maximizes my potential profit.",Bidder 2,36,11
0,"My value for the prize is 20, and the current price is 12. Since the current price is still below my value, it makes sense to stay in the bidding to maximize my potential profit.",Bidder 0,20,12
0,"My value for the prize is 27, which is significantly higher than the current price of 12. Staying in the bidding at this point maximizes my chances of winning the prize at a profitable price.",Bidder 1,27,12
0,"My value for the prize is 36, which is significantly higher than the current price of 12. Staying in the bidding at this stage maximizes my chances of winning the prize at a profitable price.",Bidder 2,36,12
0,"My value for the prize is 20, and the current price is 13. Since the current price is still below my value, it is beneficial for me to stay in the bidding to maximize my potential profit.",Bidder 0,20,13
0,"My value for the prize is 27, which is significantly higher than the current price of 13. Staying in the bidding at this stage maximizes my chances of winning the prize at a profitable price.",Bidder 1,27,13
0,"My value for the prize is 36, which is significantly higher than the current price of 13. Staying in the bidding is a good strategy to maximize my potential profit.",Bidder 2,36,13
0,"My value for the prize is 20, and the current price is 14. Since the current price is still below my value, I should stay in the bidding to maximize my potential profit.",Bidder 0,20,14
0,"My value for the prize is 27, which is significantly higher than the current price of 14. Staying in the bidding at this point maximizes my potential profit.",Bidder 1,27,14
0,"My value for the prize is 36, which is significantly higher than the current price of 14. Staying in the bidding at this point maximizes my chances of winning the prize and making a profit.",Bidder 2,36,14
0,"My value for the prize is 20, and the current price is 15. Since my profit would still be positive (20 - 15 = 5), it makes sense to stay in the bidding for now.",Bidder 0,20,15
0,"My value for the prize is 27, which is significantly higher than the current price of 15. Staying in the bidding at this point maximizes my potential profit.",Bidder 1,27,15
0,"My value for the prize is 36, which is significantly higher than the current price of 15. Staying in the bidding at this point maximizes my potential profit.",Bidder 2,36,15
0,"My value for the prize is 20, and the current price is 16. Since my profit would be 20 - 16 = 4 if I win, it is still beneficial for me to stay in the bidding.",Bidder 0,20,16
0,"My value for the prize is 27, which is significantly higher than the current price of 16. Staying in the bidding at this point maximizes my potential profit.",Bidder 1,27,16
0,"My value for the prize is 36, which is significantly higher than the current price of 16. Staying in the bidding is a good strategy to maximize my potential profit.",Bidder 2,36,16
0,"I will stay in the bidding because my value for the prize is 20, and the current price is 17. This means I still have a potential profit of 3 if I win the bid.",Bidder 0,20,17
0,"My value for the prize is 27, which is significantly higher than the current price of 17. Staying in the bidding at this point maximizes my potential profit.",Bidder 1,27,17
0,"My value for the prize is 36, which is significantly higher than the current price of 17. Staying in the bidding is a good strategy to maximize my potential profit.",Bidder 2,36,17
0,"My value for the prize is 20, and the current price is 18. Since my profit would be 20 - 18 = 2 if I win, it is still beneficial for me to stay in the bidding.",Bidder 0,20,18
0,"I will stay in the bidding because my value for the prize is 27, which is higher than the current price of 18. This means I still have a potential profit to gain if I win the bid.",Bidder 1,27,18
0,"My value for the prize is 36, which is significantly higher than the current price of 18. Staying in the bidding at this point maximizes my potential profit.",Bidder 2,36,18
0,"I will stay in the bidding because my value for the prize is 20, and the current price is 19. If I win at this price, my profit will be 1 (20 - 19).",Bidder 0,20,19
0,"My value for the prize is 27, so I can still make a profit if I win the bid at this price. I will stay in the bidding for now.",Bidder 1,27,19
0,"My value for the prize is 36, which is significantly higher than the current price of 19. Staying in the bidding is a good strategy to maximize my potential profit.",Bidder 2,36,19
1,"My value for the prize is 20, and the current price is also 20. If I continue bidding, I will not make any profit because my profit is calculated as my value for the prize minus the final bid. Therefore, it is best to drop out now to avoid a potential loss.",Bidder 0,20,20
0,"My value for the prize is 27, so I can still make a profit if I win the bid at the current price of 20. Therefore, I will stay in the bidding.",Bidder 1,27,20
0,"My value for the prize is 36, which is significantly higher than the current price of 20. Staying in the bidding is a good strategy to maximize my potential profit.",Bidder 2,36,20
0,"I will stay in the bidding because my value for the prize is 27, and the current price is 21. This means I can still make a profit of 6 if I win the bid.",Bidder 1,27,21
0,"Yes, I want to stay in the bidding. My value for the prize is 36, and the current price is 21. This means I can still make a profit of 36 - 21 = 15 if I win the bid. Since only one other player has dropped out, I have a good chance of winning the prize at a profitable price.",Bidder 2,36,21
0,"I will stay in the bidding because my value for the prize is 27, and the current price is 22. This means I can still make a profit of 27 - 22 = 5 if I win the bid.",Bidder 1,27,22
0,"I will stay in the bidding because my value for the prize is 36, which is significantly higher than the current price of 22. This means I still have a good chance to make a profit if I win the auction.",Bidder 2,36,22
0,"I will stay in the bidding because my value for the prize is 27. The current price is 23, so I still have a potential profit of 4 if I win the bid.",Bidder 1,27,23
0,"I will stay in the bidding because my value for the prize is 36, which is significantly higher than the current price of 23. This means I still have a good chance of making a profit if I win the auction.",Bidder 2,36,23
0,"My value for the prize is 27, so I can still make a profit if I win the bid at the current price of 24. I will stay in the bidding for now.",Bidder 1,27,24
0,"My value for the prize is 36, and the current price is 24. If I win the bid at this price, my profit will be 36 - 24 = 12, which is still a positive profit. Therefore, I will stay in the bidding.",Bidder 2,36,24
0,"I will stay in the bidding because my value for the prize is 27, and the current price is 25. This means I can still make a profit of 2 if I win the bid.",Bidder 1,27,25
0,"My value for the prize is 36, so I can still make a profit if I win the bid at the current price of 25. I will stay in the bidding to maximize my potential profit.",Bidder 2,36,25
0,"I will stay in the bidding because my value for the prize is 27. The current price is 26, so if I win the bid at this price, my profit will be 27 - 26 = 1. It is still a positive profit, so it makes sense to stay in the bidding for now.",Bidder 1,27,26
0,"My value for the prize is 36, so I can still make a profit if I win the bid at the current price of 26. Therefore, I will stay in the bidding.",Bidder 2,36,26
0,"I will stay in the bidding because my value for the prize is 27, which means I will break even at this price. If I drop out now, I will have no profit, but if I stay, I have a chance to win the prize without a loss.",Bidder 1,27,27
0,"My value for the prize is 36, so I can still make a profit if I win the bid at the current price of 27. I will stay in the bidding.",Bidder 2,36,27
1,"My value for the prize is 27. If I continue bidding and win at a price higher than 27, I will incur a loss. Therefore, it is not profitable for me to stay in the bidding at the current price of 28.",Bidder 1,27,28
0,"My value for the prize is 36, so I can still make a profit if I win the bid at the current price of 28. Therefore, I will stay in the bidding.",Bidder 2,36,28
0,"My value for the prize is 22, which is higher than the current price of 10. Therefore, it makes sense to stay in the bidding to potentially win the prize and maximize my profit.",Bidder 0,22,10
0,"My value for the prize is 35, which is quite high. The current price is only 10, so it makes sense to stay in the bidding to maximize my potential profit.",Bidder 1,35,10
0,"My value for the prize is 19, and the current price is 10. Since the current price is significantly lower than my value, it makes sense to stay in the bidding to maximize my potential profit.",Bidder 2,19,10
0,"My value for the prize is 22, and the current price is only 11. Since the price is still well below my value, it makes sense to stay in the bidding to maximize my chances of winning the prize at a profitable price.",Bidder 0,22,11
0,"My value for the prize is 35, which is significantly higher than the current price of 11. Staying in the bidding at this stage maximizes my chances of winning the prize at a profitable price.",Bidder 1,35,11
0,"The current price is 11, which is still significantly lower than my value of 19. Staying in the bidding at this point maximizes my chances of winning the prize with a good profit margin.",Bidder 2,19,11
0,"My value for the prize is 22, and the current price is only 12. Since the price is still well below my value, it makes sense to stay in the bidding to maximize my potential profit.",Bidder 0,22,12
0,"My value for the prize is 35, which is significantly higher than the current price of 12. Staying in the bidding at this point maximizes my potential profit.",Bidder 1,35,12
0,"My value for the prize is 19, and the current price is 12. Since the current price is still below my value, it makes sense to stay in the bidding to maximize my potential profit.",Bidder 2,19,12
0,"My value for the prize is 22, which is higher than the current price of 13. Staying in the bidding is a good strategy to maximize my potential profit.",Bidder 0,22,13
0,"My value for the prize is 35, which is significantly higher than the current price of 13. Staying in the bidding is a good strategy to maximize my potential profit.",Bidder 1,35,13
0,"My value for the prize is 19, and the current price is 13. Since the current price is still below my value, I should stay in the bidding to maximize my potential profit.",Bidder 2,19,13
0,"My value for the prize is 22, and the current price is 14. Since the price is still below my value, I should stay in the bidding to maximize my potential profit.",Bidder 0,22,14
0,"My value for the prize is 35, which is significantly higher than the current price of 14. Staying in the bidding at this point maximizes my potential profit.",Bidder 1,35,14
0,"My value for the prize is 19, which is higher than the current price of 14. Staying in the bidding is a good strategy to maximize my potential profit.",Bidder 2,19,14
0,"My value for the prize is 22, and the current price is 15. Since my profit would be 22 - 15 = 7 if I win, it is still beneficial for me to stay in the bidding at this price.",Bidder 0,22,15
0,"My value for the prize is 35, which is significantly higher than the current price of 15. Staying in the bidding is a good strategy to maximize my potential profit.",Bidder 1,35,15
0,"My value for the prize is 19, and the current price is 15. Since my profit would be 19 - 15 = 4 if I win, it is still beneficial for me to stay in the bidding at this price.",Bidder 2,19,15
0,"My value for the prize is 22, and the current price is 16. Since my value is higher than the current price, I should stay in the bidding to maximize my potential profit.",Bidder 0,22,16
0,"My value for the prize is 35, which is significantly higher than the current price of 16. Staying in the bidding at this point maximizes my potential profit.",Bidder 1,35,16
0,"My value for the prize is 19, and the current price is 16. Staying in the bidding still allows for a potential profit of 3 if I win the auction.",Bidder 2,19,16
0,"My value for the prize is 22, and the current price is 17. Since my profit would be 22 - 17 = 5 if I win, it is still beneficial for me to stay in the bidding.",Bidder 0,22,17
0,"I will stay in the bidding because my value for the prize is 35, which is significantly higher than the current price of 17. This means there is still a good potential for profit.",Bidder 1,35,17
0,"My value for the prize is 19, and the current price is 17. Since my profit would be 19 - 17 = 2 if I win, it is still beneficial for me to stay in the bidding at this price.",Bidder 2,19,17
0,"My value for the prize is 22, and the current price is 18. Since my profit would be 22 - 18 = 4 if I win at this price, it is still beneficial for me to stay in the bidding.",Bidder 0,22,18
0,"My value for the prize is 35, which is significantly higher than the current price of 18. Staying in the bidding at this point maximizes my potential profit.",Bidder 1,35,18
0,"My value for the prize is 19, and the current price is 18. If I stay in the bidding and win at this price, my profit will be 19 - 18 = 1. Since I still have a positive profit, I will stay in the bidding.",Bidder 2,19,18
0,"My value for the prize is 22, so I can still make a profit if I win the bid at the current price of 19. Therefore, I will stay in the bidding.",Bidder 0,22,19
0,"My value for the prize is 35, which is significantly higher than the current price of 19. Staying in the bidding at this point maximizes my potential profit.",Bidder 1,35,19
1,"My value for the prize is 19, and the current price is also 19. If I continue bidding, I will not make any profit. Therefore, it is better to drop out now.",Bidder 2,19,19
0,"I will stay in the bidding because my value for the prize is 22. The current price is 20, so if I win, my profit will be 22 - 20 = 2. This is still a positive profit, so it makes sense to continue bidding.",Bidder 0,22,20
0,"My value for the prize is 35, and the current price is 20. Since my profit would be 35 - 20 = 15 if I win, it is still beneficial for me to stay in the bidding.",Bidder 1,35,20
0,"I will stay in the bidding because my value for the prize is 22. If I win at the current price of 21, my profit will be 22 - 21 = 1, which is still a positive profit.",Bidder 0,22,21
0,"My value for the prize is 35, which is significantly higher than the current price of 21. Staying in the bidding increases my chances of winning the prize and maximizing my profit.",Bidder 1,35,21
1,"My value for the prize is 22. If I stay in the bidding and win at the current price of 22, my profit will be 22 - 22 = 0. Since there is no profit to be made, it is better to drop out now.",Bidder 0,22,22
0,"My value for the prize is 35, and the current price is 22. Since my profit would be 35 - 22 = 13 if I win, it is still beneficial for me to stay in the bidding.",Bidder 1,35,22
0,"My value for the prize is 24, which is higher than the current price of 10. Therefore, it makes sense to stay in the bidding to maximize my potential profit.",Bidder 0,24,10
0,"My value for the prize is 30, which is significantly higher than the current price of 10. Staying in the bidding at this point maximizes my chances of winning the prize at a profitable price.",Bidder 1,30,10
0,"My value for the prize is 27, which is significantly higher than the current price of 10. Staying in the bidding at this point is a good strategy to maximize my potential profit.",Bidder 2,27,10
0,"My value for the prize is 24, and the current price is only 11. Staying in the bidding is a good strategy to maximize my potential profit.",Bidder 0,24,11
0,"My value for the prize is 30, and the current price is only 11. Staying in the bidding is a good strategy to maximize my profit, as there is still a significant margin between my value and the current price.",Bidder 1,30,11
0,"My value for the prize is 27, which is significantly higher than the current price of 11. Staying in the bidding at this point maximizes my chances of winning the prize at a profitable price.",Bidder 2,27,11
0,"My value for the prize is 24, and the current price is 12. Since the current price is significantly lower than my value, it is beneficial for me to stay in the bidding to maximize my potential profit.",Bidder 0,24,12
0,"My value for the prize is 30, and the current price is only 12. Staying in the bidding is a good strategy to maximize my profit, as there is still a significant margin between my value and the current price.",Bidder 1,30,12
0,"My value for the prize is 27, which is significantly higher than the current price of 12. Staying in the bidding at this point maximizes my chances of winning the prize at a profitable price.",Bidder 2,27,12
0,"My value for the prize is 24, and the current price is 13. Since the current price is still significantly lower than my value, it is beneficial for me to stay in the bidding to maximize my potential profit.",Bidder 0,24,13
0,"My value for the prize is 30, which is significantly higher than the current price of 13. Staying in the bidding at this point maximizes my chances of winning the prize at a profitable price.",Bidder 1,30,13
0,"My value for the prize is 27, which is significantly higher than the current price of 13. Staying in the bidding at this point maximizes my chances of winning the prize at a profitable price.",Bidder 2,27,13
0,"My value for the prize is 24, which is significantly higher than the current price of 14. Staying in the bidding is a good strategy to maximize my potential profit.",Bidder 0,24,14
0,"My value for the prize is 30, which is significantly higher than the current price of 14. Staying in the bidding at this point maximizes my potential profit.",Bidder 1,30,14
0,"My value for the prize is 27, which is significantly higher than the current price of 14. Staying in the bidding at this point maximizes my chances of winning the prize and making a profit.",Bidder 2,27,14
0,"My value for the prize is 24, and the current price is 15. Since my value is higher than the current price, I should stay in the bidding to maximize my potential profit.",Bidder 0,24,15
0,"My value for the prize is 30, and the current price is 15. Since the current price is still well below my value, it makes sense to stay in the bidding to maximize my potential profit.",Bidder 1,30,15
0,"My value for the prize is 27, which is significantly higher than the current price of 15. Staying in the bidding at this point maximizes my potential profit.",Bidder 2,27,15
0,I will stay in the bidding because the current price of 16 is still below my value of 24. This means I can still make a profit if I win the bid.,Bidder 0,24,16
0,"My value for the prize is 30, and the current price is 16. Since the current price is significantly lower than my value, it is still profitable for me to stay in the bidding.",Bidder 1,30,16
0,I will stay in the bidding because the current price of 16 is still below my value of 27. This means I can still make a profit if I win the bid.,Bidder 2,27,16
0,"I will stay in the bidding because my value for the prize is 24, and the current price is 17. This means I still have a potential profit of 24 - 17 = 7 if I win the bid.",Bidder 0,24,17
0,"My value for the prize is 30, which is significantly higher than the current price of 17. Staying in the bidding at this point maximizes my potential profit.",Bidder 1,30,17
0,"My value for the prize is 27, and the current price is 17. Since my goal is to maximize my profits, I should stay in the bidding as long as the price is below my value. At this point, I still have a potential profit of 10 (27 - 17).",Bidder 2,27,17
0,"I will stay in the bidding because my value for the prize is 24, which is higher than the current price of 18. This means I still have potential profit to gain if I win the bid.",Bidder 0,24,18
0,"My value for the prize is 30, and the current price is 18. Staying in the bidding is still profitable as long as the price is below 30.",Bidder 1,30,18
0,"I will stay in the bidding because my value for the prize is 27, and the current price is 18. There is still a potential profit to be made if I win the bid.",Bidder 2,27,18
0,"My value for the prize is 24, so I can still make a profit if I win the bid at the current price of 19. Therefore, I will stay in the bidding.",Bidder 0,24,19
0,"My value for the prize is 30, and the current price is 19. Staying in the bidding is still profitable as long as the price is below 30.",Bidder 1,30,19
0,"My value for the prize is 27, and the current price is 19. Staying in the bidding is still profitable as my potential profit would be 27 - 19 = 8.",Bidder 2,27,19
0,"My value for the prize is 24, so I can still make a profit if I win the bid at the current price of 20. Therefore, I will stay in the bidding.",Bidder 0,24,20
0,"My value for the prize is 30, so I can still make a profit if I win the bid at this price. I will stay in the bidding for now.",Bidder 1,30,20
0,"My value for the prize is 27, so I can still make a profit if I win the bid at the current price of 20. Therefore, I will stay in the bidding.",Bidder 2,27,20
0,"I will stay in the bidding because my value for the prize is 24. The current price is 21, so I still have a potential profit of 3 if I win the bid.",Bidder 0,24,21
0,"My value for the prize is 30, so I can still make a profit if I win the bid at this price. I will stay in the bidding for now.",Bidder 1,30,21
0,"My value for the prize is 27, so I can still make a profit if I win the bid at the current price of 21. Therefore, I will stay in the bidding.",Bidder 2,27,21
0,"My value for the prize is 24, so I can still make a profit if I win the bid at the current price of 22. Therefore, I will stay in the bidding.",Bidder 0,24,22
0,"I will stay in the bidding because my value for the prize is 30. The current price is 22, so I still have a potential profit of 8 if I win the bid.",Bidder 1,30,22
0,"My value for the prize is 27, so I can still make a profit if I win the bid at the current price of 22. Therefore, I will stay in the bidding.",Bidder 2,27,22
0,"I will stay in the bidding because my value for the prize is 24. The current price is 23, so I can still make a profit of 1 if I win the bid.",Bidder 0,24,23
0,"My value for the prize is 30, so I can still make a profit if I win the bid at this price. I will stay in the bidding for now.",Bidder 1,30,23
0,"I will stay in the bidding because my value for the prize is 27, and the current price is 23. This means I can still make a profit if I win the bid.",Bidder 2,27,23
1,"My value for the prize is 24, and the current price is also 24. If I stay in the bidding and win, my profit would be 24 - 24 = 0. Therefore, it is not worth staying in the bidding as I would not make any profit.",Bidder 0,24,24
0,"My value for the prize is 30, so I can still make a profit if I win the bid at this price. I will stay in the bidding for now.",Bidder 1,30,24
0,"I will stay in the bidding because my value for the prize is 27. The current price is 24, so I still have a potential profit of 3 if I win the bid.",Bidder 2,27,24
0,"I will stay in the bidding because my value for the prize is 30. The current price is 25, so if I win, my profit will be 30 - 25 = 5, which is still positive.",Bidder 1,30,25
0,"I will stay in the bidding because my value for the prize is 27. The current price is 25, so if I win the bid at this price, my profit will be 27 - 25 = 2, which is still positive.",Bidder 2,27,25
0,"I will stay in the bidding because my value for the prize is 30. The current price is 26, so if I win at this price, my profit will be 30 - 26 = 4. This is still a positive profit, and I want to maximize my earnings.",Bidder 1,30,26
0,"I will stay in the bidding because my value for the prize is 27. The current price is 26, so if I win the bid at this price, my profit will be 27 - 26 = 1. It is still a positive profit, so it makes sense to stay in the bidding for now.",Bidder 2,27,26
0,"I will stay in the bidding because my value for the prize is 30, and the current price is 27. This means I can still make a profit of 3 if I win the bid.",Bidder 1,30,27
0,"My value for the prize is 27, so if I stay in the bidding at the current price of 27, my profit will be 0. However, if I drop out now, I will have no chance of winning the prize and my profit will be 0 anyway. Therefore, it makes sense to stay in the bidding for now and see if the other bidder drops out.",Bidder 2,27,27
0,"I will stay in the bidding because my value for the prize is 30. The current price is 28, so I can still make a profit if I win the bid.",Bidder 1,30,28
1,"My value for the prize is 27. If I continue bidding at a price of 28, I will incur a loss. Therefore, it is not profitable for me to stay in the bidding.",Bidder 2,27,28
0,"My value for the prize is 33, which is significantly higher than the current price of 10. Staying in the bidding at this point maximizes my potential profit.",Bidder 0,33,10
0,"My value for the prize is 30, and the current price is only 10. Staying in the bidding at this point maximizes my potential profit.",Bidder 1,30,10
0,"My value for the prize is 20, and the current price is 10. Since the current price is well below my value, it makes sense to stay in the bidding to maximize my potential profit.",Bidder 2,20,10
0,"My value for the prize is 33, which is significantly higher than the current price of 11. Staying in the bidding at this point maximizes my chances of winning the prize at a profitable price.",Bidder 0,33,11
0,"My value for the prize is 30, and the current price is only 11. Staying in the bidding is a good strategy to maximize my profit.",Bidder 1,30,11
0,"My value for the prize is 20, and the current price is only 11. Staying in the bidding is a good strategy to maximize my profit as long as the price is below my value.",Bidder 2,20,11
0,"My value for the prize is 33, which is significantly higher than the current price of 12. Staying in the bidding is a good strategy to maximize my potential profit.",Bidder 0,33,12
0,"My value for the prize is 30, and the current price is only 12. Staying in the bidding is a good strategy to maximize my potential profit, as there is still a significant margin between my value and the current price.",Bidder 1,30,12
0,"My value for the prize is 20, and the current price is only 12. Staying in the bidding is a good strategy to maximize my potential profit, as there is still a significant margin between my value and the current price.",Bidder 2,20,12
0,"My value for the prize is 33, which is significantly higher than the current price of 13. Staying in the bidding at this point maximizes my chances of winning the prize at a profitable price.",Bidder 0,33,13
0,"My value for the prize is 30, and the current price is only 13. Staying in the bidding is a good strategy to maximize my profit, as there is still a significant margin between my value and the current price.",Bidder 1,30,13
0,"My value for the prize is 20, and the current price is 13. Since the current price is still below my value, I should stay in the bidding to maximize my potential profit.",Bidder 2,20,13
0,"I will stay in the bidding because my value for the prize is 33, which is significantly higher than the current price of 14. This gives me a good chance to make a profit if I win the auction.",Bidder 0,33,14
0,"My value for the prize is 30, which is significantly higher than the current price of 14. Staying in the bidding at this point maximizes my chances of winning the prize at a profitable price.",Bidder 1,30,14
0,I will stay in the bidding because the current price of 14 is still below my value of 20. This means I can still potentially make a profit if I win the bid.,Bidder 2,20,14
0,"My value for the prize is 33, which is significantly higher than the current price of 15. Staying in the bidding at this point maximizes my chances of winning the prize and making a profit.",Bidder 0,33,15
0,"My value for the prize is 30, and the current price is 15. Since my value is significantly higher than the current price, it is beneficial for me to stay in the bidding to maximize my potential profit.",Bidder 1,30,15
0,"My value for the prize is 20, and the current price is 15. Since my value is higher than the current price, I should stay in the bidding to maximize my potential profit.",Bidder 2,20,15
0,"My value for the prize is 33, which is significantly higher than the current price of 16. Staying in the bidding at this point maximizes my chances of winning the prize and making a profit.",Bidder 0,33,16
0,"My value for the prize is 30, and the current price is 16. Since my profit would be 30 - 16 = 14 if I win, it is still beneficial for me to stay in the bidding at this price.",Bidder 1,30,16
0,"My value for the prize is 20, and the current price is 16. Since my profit would be 20 - 16 = 4 if I win, it is still beneficial for me to stay in the bidding at this point.",Bidder 2,20,16
0,"My value for the prize is 33, which is significantly higher than the current price of 17. Staying in the bidding at this point maximizes my potential profit.",Bidder 0,33,17
0,"I will stay in the bidding because my value for the prize is 30, and the current price is 17. There is still a significant margin for profit.",Bidder 1,30,17
0,"I will stay in the bidding because my value for the prize is 20, and the current price is 17. This means I can still make a profit if I win the bid.",Bidder 2,20,17
0,"My value for the prize is 33, which is significantly higher than the current price of 18. Staying in the bidding at this point maximizes my chances of winning the prize and making a profit.",Bidder 0,33,18
0,"I will stay in the bidding because my value for the prize is 30, and the current price is still significantly lower than my value. This gives me a good chance to make a profit if I win the auction.",Bidder 1,30,18
0,"My value for the prize is 20, and the current price is 18. Since my profit would be 20 - 18 = 2 if I win, it is still beneficial for me to stay in the bidding at this price.",Bidder 2,20,18
0,"I will stay in the bidding because my value for the prize is 33, which is significantly higher than the current price of 19. This means there is still a good potential for profit.",Bidder 0,33,19
0,"I will stay in the bidding because my value for the prize is 30, and the current price is 19. There is still a significant profit margin to be made.",Bidder 1,30,19
0,"I will stay in the bidding because the current price is 19, which is still below my value of 20. This means I can still make a profit if I win the bid.",Bidder 2,20,19
0,"My value for the prize is 33, which is significantly higher than the current price of 20. Staying in the bidding at this point maximizes my chances of winning the prize and making a profit.",Bidder 0,33,20
0,"My value for the prize is 30, so I can still make a profit if I win the bid at this price. Therefore, I will stay in the bidding.",Bidder 1,30,20
1,"My value for the prize is 20, and the current price is also 20. If I continue bidding, I will not make any profit. Therefore, it is better to drop out now.",Bidder 2,20,20
0,"I will stay in the bidding because my value for the prize is 33, and the current price is 21. This means I can still make a profit of 33 - 21 = 12 if I win the bid.",Bidder 0,33,21
0,"My value for the prize is 30, and the current price is 21. If I win the bid at this price, my profit will be 30 - 21 = 9, which is still positive. Therefore, it makes sense to stay in the bidding for now.",Bidder 1,30,21
0,"My value for the prize is 33, and the current price is 22. If I win the bid at this price, my profit will be 33 - 22 = 11, which is positive. Therefore, it makes sense to stay in the bidding for now.",Bidder 0,33,22
0,"Yes, I want to stay in the bidding. My value for the prize is 30, and the current price is 22. If I win the bid at this price, my profit will be 30 - 22 = 8, which is still a positive profit.",Bidder 1,30,22
0,"I will stay in the bidding because my value for the prize is 33, and the current price is 23. This means I can still make a profit of 10 if I win the bid.",Bidder 0,33,23
0,"I will stay in the bidding because my value for the prize is 30. The current price is 23, which means I can still make a profit of 30 - 23 = 7 if I win the bid.",Bidder 1,30,23
0,"My value for the prize is 33, and the current price is 24. If I win the bid at this price, my profit will be 33 - 24 = 9. Since this is still a positive profit, I will stay in the bidding.",Bidder 0,33,24
0,"My value for the prize is 30, and the current price is 24. Staying in the bidding still allows for a potential profit of 6 if I win.",Bidder 1,30,24
0,"I will stay in the bidding because my value for the prize is 33, and the current price is 25. This means I can still make a profit of 33 - 25 = 8 if I win the bid.",Bidder 0,33,25
0,"I will stay in the bidding because my value for the prize is 30. The current price is 25, so if I win at this price, my profit will be 30 - 25 = 5, which is still positive.",Bidder 1,30,25
0,"My value for the prize is 33, and the current price is 26. If I win at this price, my profit will be 33 - 26 = 7, which is still positive. Therefore, it makes sense to stay in the bidding for now.",Bidder 0,33,26
0,"My value for the prize is 30, and the current price is 26. Staying in the bidding still allows for a potential profit of 4 if I win the bid.",Bidder 1,30,26
0,"I will stay in the bidding because my value for the prize is 33, and the current price is 27. This means I can still make a profit of 6 if I win the bid at this price.",Bidder 0,33,27
0,"I will stay in the bidding because my value for the prize is 30. The current price is 27, so I can still make a profit if I win the bid.",Bidder 1,30,27
0,"My value for the prize is 33, and the current price is 28. If I win the bid at this price, my profit will be 33 - 28 = 5. Since this is still a positive profit, I will stay in the bidding.",Bidder 0,33,28
0,"My value for the prize is 30, and the current price is 28. If I win the bid at this price, my profit will be 30 - 28 = 2. Since I can still make a profit, I will stay in the bidding.",Bidder 1,30,28
0,"My value for the prize is 33, and the current price is 29. If I win the bid at this price, my profit will be 33 - 29 = 4. Since this is still a positive profit, I will stay in the bidding.",Bidder 0,33,29
0,"My value for the prize is 30, so I can still make a profit if I win the bid at 29. Therefore, I will stay in the bidding.",Bidder 1,30,29
0,"I will stay in the bidding because my value for the prize is 33. The current price is 30, so if I win at this price, my profit will be 33 - 30 = 3, which is still positive.",Bidder 0,33,30
1,"My value for the prize is 30. If I stay in the bidding at a price of 30, my profit will be 0 (30 - 30). Therefore, it is not beneficial to continue bidding.",Bidder 1,30,30
0,"My value for the prize is 21, which is higher than the current price of 10. Staying in the bidding at this point is a good strategy to maximize my potential profit.",Bidder 0,21,10
0,"My value for the prize is 35, which is quite high. The current price is only 10, so it makes sense to stay in the bidding to maximize my potential profit.",Bidder 1,35,10
0,"My value for the prize is 22, which is higher than the current price of 10. Therefore, it makes sense to stay in the bidding to potentially win the prize at a profit.",Bidder 2,22,10
0,"The current price is 11, which is still well below my value of 21. Staying in the bidding at this point maximizes my chances of winning the prize with a profit.",Bidder 0,21,11
0,"My value for the prize is 35, which is significantly higher than the current price of 11. Staying in the bidding at this stage maximizes my chances of winning the prize at a profitable price.",Bidder 1,35,11
0,"My value for the prize is 22, and the current price is only 11. Staying in the bidding is a good strategy to maximize my potential profit.",Bidder 2,22,11
0,"My value for the prize is 21, and the current price is only 12. Staying in the bidding is a good strategy to maximize my potential profit.",Bidder 0,21,12
0,"My value for the prize is 35, which is significantly higher than the current price of 12. Staying in the bidding at this point maximizes my chances of winning the prize with a good profit margin.",Bidder 1,35,12
0,"My value for the prize is 22, and the current price is only 12. Staying in the bidding is a good strategy to maximize my potential profit, as there is still a significant margin between my value and the current price.",Bidder 2,22,12
0,"My value for the prize is 21, which is higher than the current price of 13. Staying in the bidding is a good strategy to maximize my potential profit.",Bidder 0,21,13
0,"My value for the prize is 35, which is significantly higher than the current price of 13. Staying in the bidding is a good strategy to maximize my potential profit.",Bidder 1,35,13
0,"My value for the prize is 22, which is higher than the current price of 13. Staying in the bidding is a good strategy to maximize my potential profit.",Bidder 2,22,13
0,I will stay in the bidding because the current price of 14 is still below my value of 21. I can potentially make a profit if I win the bid at this price.,Bidder 0,21,14
0,"My value for the prize is 35, which is significantly higher than the current price of 14. Staying in the bidding at this point maximizes my chances of winning the prize at a profitable price.",Bidder 1,35,14
0,"My value for the prize is 22, and the current price is 14. Since the price is still below my value, I will stay in the bidding to maximize my potential profit.",Bidder 2,22,14
0,I will stay in the bidding because the current price of 15 is still below my value of 21. This gives me a potential profit if I win the bid.,Bidder 0,21,15
0,"My value for the prize is 35, which is significantly higher than the current price of 15. Staying in the bidding at this point maximizes my chances of winning the prize and making a profit.",Bidder 1,35,15
0,"My value for the prize is 22, and the current price is 15. Since the price is still below my value, I should stay in the bidding to maximize my potential profit.",Bidder 2,22,15
0,"My value for the prize is 21, and the current price is 16. Staying in the bidding still allows for a potential profit of 5 if I win the auction.",Bidder 0,21,16
0,"My value for the prize is 35, which is significantly higher than the current price of 16. Staying in the bidding at this point maximizes my chances of winning the prize and making a profit.",Bidder 1,35,16
0,"My value for the prize is 22, and the current price is 16. Staying in the bidding still allows for a potential profit of 6 (22 - 16). Therefore, it makes sense to continue bidding at this stage.",Bidder 2,22,16
0,I will stay in the bidding because the current price of 17 is still below my value of 21. This means I can still potentially make a profit if I win the auction.,Bidder 0,21,17
0,"I will stay in the bidding because my value for the prize is 35, which is significantly higher than the current price of 17. This means there is still a good potential for profit.",Bidder 1,35,17
0,"I will stay in the bidding because my value for the prize is 22, and the current price is 17. This means I still have a potential profit of 5 if I win the bid.",Bidder 2,22,17
0,"I will stay in the bidding because my value for the prize is 21, and the current price is 18. This means I can still make a profit if I win the bid.",Bidder 0,21,18
0,"My value for the prize is 35, which is significantly higher than the current price of 18. Staying in the bidding is a good strategy to maximize my profit.",Bidder 1,35,18
0,I will stay in the bidding because the current price of 18 is still below my value of 22. This means I can still make a profit if I win the bid.,Bidder 2,22,18
0,"I will stay in the bidding because my value for the prize is 21, and the current price is 19. This means I can still make a profit if I win the bid.",Bidder 0,21,19
0,"My value for the prize is 35, which is significantly higher than the current price of 19. Staying in the bidding at this point maximizes my potential profit.",Bidder 1,35,19
0,"I will stay in the bidding because my value for the prize is 22, and the current price is 19. This means I can still make a profit if I win the bid.",Bidder 2,22,19
0,"My value for the prize is 21, so I can still make a profit if I win the bid at the current price of 20. Therefore, I will stay in the bidding.",Bidder 0,21,20
0,"I will stay in the bidding because my value for the prize is 35, which is significantly higher than the current price of 20. This gives me a good chance to maximize my profit.",Bidder 1,35,20
0,"My value for the prize is 22, so I can still make a profit if I win the bid at the current price of 20. Therefore, I will stay in the bidding.",Bidder 2,22,20
1,"My value for the prize is 21. If I stay in the bidding and win at a price higher than 21, I will incur a loss. Therefore, it is best to drop out now to avoid a negative profit.",Bidder 0,21,21
0,"My value for the prize is 35, which is significantly higher than the current price of 21. Staying in the bidding at this point maximizes my potential profit.",Bidder 1,35,21
0,"My value for the prize is 22, which means I can still make a profit if I win the bid at the current price of 21. Therefore, I will stay in the bidding.",Bidder 2,22,21
0,"I will stay in the bidding because my value for the prize is 35, and the current price is 22. This means I can still make a profit of 13 if I win the bid.",Bidder 1,35,22
0,"I will stay in the bidding because my value for the prize is 22, which means I will break even if I win at this price. There is still a chance that the other bidder might drop out soon, allowing me to win the prize without incurring a loss.",Bidder 2,22,22
0,"I want to stay in the bidding because my value for the prize is 35, and the current price is 23. This means I can still make a profit of 12 if I win the bid.",Bidder 1,35,23
1,"My value for the prize is 22. If I continue bidding at a price higher than my value, I will incur a loss. Therefore, it is best to drop out now to avoid a negative profit.",Bidder 2,22,23
0,"My value for the prize is 16, which is higher than the current price of 10. Therefore, it makes sense to stay in the bidding to potentially win the prize at a profit.",Bidder 0,16,10
0,"My value for the prize is 16, and the current price is 10. Since the current price is lower than my value, it makes sense to stay in the bidding to potentially win the prize at a profit.",Bidder 1,16,10
0,"My value for the prize is 33, which is significantly higher than the current price of 10. Staying in the bidding at this point maximizes my potential profit.",Bidder 2,33,10
0,I will stay in the bidding because the current price of 11 is still below my value of 16. I can potentially make a profit if I win the bid at this price.,Bidder 0,16,11
0,"My value for the prize is 16, and the current price is only 11. Since the price is still below my value, it makes sense to stay in the bidding to maximize my potential profit.",Bidder 1,16,11
0,"My value for the prize is 33, which is significantly higher than the current price of 11. Staying in the bidding at this point maximizes my potential profit.",Bidder 2,33,11
0,"My value for the prize is 16, and the current price is 12. Since the current price is still below my value, it makes sense to stay in the bidding to maximize my potential profit.",Bidder 0,16,12
0,I will stay in the bidding because the current price of 12 is still below my value of 16. This means I can still potentially make a profit if I win the auction.,Bidder 1,16,12
0,"My value for the prize is 33, which is significantly higher than the current price of 12. Staying in the bidding at this point maximizes my potential profit.",Bidder 2,33,12
0,I will stay in the bidding because the current price of 13 is still below my value of 16. This means I can still potentially make a profit if I win the bid.,Bidder 0,16,13
0,"My value for the prize is 16, and the current price is 13. Since my value is higher than the current price, I should stay in the bidding to maximize my potential profit.",Bidder 1,16,13
0,"My value for the prize is 33, which is significantly higher than the current price of 13. Staying in the bidding at this point maximizes my potential profit.",Bidder 2,33,13
0,"My value for the prize is 16, and the current price is 14. Since my value is higher than the current price, I should stay in the bidding to maximize my potential profit.",Bidder 0,16,14
0,I will stay in the bidding because the current price of 14 is still below my value of 16. This means I can still make a profit if I win the bid.,Bidder 1,16,14
0,"My value for the prize is 33, which is significantly higher than the current price of 14. Staying in the bidding at this point maximizes my potential profit.",Bidder 2,33,14
0,I will stay in the bidding because the current price of 15 is still below my value of 16. This means I can still potentially make a profit if I win the bid.,Bidder 0,16,15
0,I will stay in the bidding because the current price of 15 is still below my value of 16. This means I can still potentially make a profit if I win the auction.,Bidder 1,16,15
0,"My value for the prize is 33, which is significantly higher than the current price of 15. Staying in the bidding at this point maximizes my potential profit.",Bidder 2,33,15
0,"I will stay in the bidding because the current price is equal to my value for the prize. Exiting now would guarantee no profit, while staying in might still offer a chance to win if others drop out soon.",Bidder 0,16,16
0,"I will stay in the bidding because the current price is equal to my value for the prize. If I drop out now, I will have no chance of winning. I will stay in the bidding to see if the other bidders drop out first.",Bidder 1,16,16
0,"My value for the prize is 33, which is significantly higher than the current price of 16. Staying in the bidding at this point maximizes my potential profit.",Bidder 2,33,16
1,"My value for the prize is 16, and the current price is 17. If I continue bidding, I will incur a loss. Therefore, it is better to drop out now to avoid a negative profit.",Bidder 0,16,17
1,"My value for the prize is 16, and the current price is 17. If I continue bidding, I will incur a loss. Therefore, it is best to drop out now to avoid a negative profit.",Bidder 1,16,17
0,"I will stay in the bidding because my value for the prize is 33, which is significantly higher than the current price of 17. This means there is still a good potential for profit.",Bidder 2,33,17
0,"My value for the prize is 35, which is significantly higher than the current price of 10. Staying in the bidding at this point maximizes my chances of winning the prize at a profitable price.",Bidder 0,35,10
0,"My value for the prize is 34, which is quite high. The current price is only 10, so it makes sense to stay in the bidding to maximize my potential profit.",Bidder 1,34,10
0,"My value for the prize is 18, which is higher than the current price of 10. Therefore, it makes sense to stay in the bidding to potentially win the prize at a profit.",Bidder 2,18,10
0,"My value for the prize is 35, which is significantly higher than the current price of 11. Staying in the bidding at this stage maximizes my chances of winning the prize at a profitable price.",Bidder 0,35,11
0,"My value for the prize is 34, which is significantly higher than the current price of 11. Staying in the bidding at this stage maximizes my chances of winning the prize at a profitable price.",Bidder 1,34,11
0,"My value for the prize is 18, which is higher than the current price of 11. Therefore, it makes sense to stay in the bidding to maximize my potential profit.",Bidder 2,18,11
0,"My value for the prize is 35, which is significantly higher than the current price of 12. Staying in the bidding at this point maximizes my chances of winning the prize and making a profit.",Bidder 0,35,12
0,"My value for the prize is 34, which is significantly higher than the current price of 12. Staying in the bidding at this point maximizes my chances of winning the prize and making a profit.",Bidder 1,34,12
0,"My value for the prize is 18, and the current price is 12. Since the current price is still below my value, I will stay in the bidding to maximize my potential profit.",Bidder 2,18,12
0,"My value for the prize is 35, which is significantly higher than the current price of 13. Staying in the bidding at this stage maximizes my chances of winning the prize and making a profit.",Bidder 0,35,13
0,"My value for the prize is 34, which is significantly higher than the current price of 13. Staying in the bidding at this stage maximizes my potential profit.",Bidder 1,34,13
0,I will stay in the bidding because the current price of 13 is still below my value of 18. This means I can still potentially make a profit if I win the bid.,Bidder 2,18,13
0,"My value for the prize is 35, which is significantly higher than the current price of 14. Staying in the bidding at this point maximizes my chances of winning the prize and making a profit.",Bidder 0,35,14
0,"My value for the prize is 34, which is significantly higher than the current price of 14. Staying in the bidding at this stage maximizes my chances of winning the prize at a profitable price.",Bidder 1,34,14
0,"My value for the prize is 18, and the current price is 14. Since my profit would be 18 - 14 = 4 if I win, it is still beneficial for me to stay in the bidding at this price.",Bidder 2,18,14
0,"My value for the prize is 35, which is significantly higher than the current price of 15. Staying in the bidding is a good strategy to maximize my potential profit.",Bidder 0,35,15
0,"My value for the prize is 34, which is significantly higher than the current price of 15. Staying in the bidding at this point maximizes my potential profit.",Bidder 1,34,15
0,"My value for the prize is 18, and the current price is 15. If I win at this price, my profit would be 18 - 15 = 3. Since this is still a positive profit, I will stay in the bidding.",Bidder 2,18,15
0,"My value for the prize is 35, which is significantly higher than the current price of 16. Staying in the bidding at this point maximizes my potential profit.",Bidder 0,35,16
0,"My value for the prize is 34, which is significantly higher than the current price of 16. Staying in the bidding at this stage maximizes my potential profit.",Bidder 1,34,16
0,"My value for the prize is 18, and the current price is 16. If I win the bid at this price, my profit will be 18 - 16 = 2. Since I can still make a profit, I will stay in the bidding.",Bidder 2,18,16
0,"I will stay in the bidding because my value for the prize is 35, which is significantly higher than the current price of 17. This gives me a good chance to maximize my profit.",Bidder 0,35,17
0,"I will stay in the bidding because my value for the prize is 34, which is significantly higher than the current price of 17. This gives me a good chance to make a profit if I win the bid.",Bidder 1,34,17
0,"I will stay in the bidding because my value for the prize is 18, and the current price is 17. If I win at this price, my profit will be 1 (18 - 17).",Bidder 2,18,17
0,"My value for the prize is 35, which is significantly higher than the current price of 18. Staying in the bidding at this stage maximizes my potential profit.",Bidder 0,35,18
0,"My value for the prize is 34, which is significantly higher than the current price of 18. Staying in the bidding at this point maximizes my potential profit.",Bidder 1,34,18
1,"My value for the prize is 18, which means if I bid any higher, I will not make any profit. Therefore, it is best to drop out now to avoid a loss.",Bidder 2,18,18
0,"Yes, I want to stay in the bidding. My value for the prize is 35, and the current price is 19. This means I can still make a profit of 35 - 19 = 16 if I win the bid.",Bidder 0,35,19
0,"Yes, I want to stay in the bidding. My value for the prize is 34, and the current price is 19. This means I can still make a profit of 34 - 19 = 15 if I win the bid. Therefore, it is beneficial for me to continue bidding.",Bidder 1,34,19
0,"Yes, I want to stay in the bidding. My value for the prize is 35, and the current price is 20. This means I can still make a profit of 15 if I win the bid.",Bidder 0,35,20
0,"My value for the prize is 34, and the current price is 20. Staying in the bidding still allows for a potential profit of 14 (34 - 20). Therefore, it is beneficial to continue bidding at this stage.",Bidder 1,34,20
0,"I will stay in the bidding because my value for the prize is 35, which is significantly higher than the current price of 21. This gives me a good chance to maximize my profit.",Bidder 0,35,21
0,"My value for the prize is 34, and the current price is 21. If I win the bid at this price, my profit will be 34 - 21 = 13, which is still a positive profit. Therefore, it makes sense to stay in the bidding for now.",Bidder 1,34,21
0,"My value for the prize is 35, which is significantly higher than the current price of 22. Staying in the bidding maximizes my chances of winning the prize and making a profit.",Bidder 0,35,22
0,"My value for the prize is 34, and the current price is 22. If I win the bid at this price, my profit will be 34 - 22 = 12, which is still a positive profit. Therefore, it makes sense to stay in the bidding for now.",Bidder 1,34,22
0,"I will stay in the bidding because my value for the prize is 35, which is significantly higher than the current price of 23. This gives me a good chance to maximize my profit.",Bidder 0,35,23
0,"My value for the prize is 34, and the current price is 23. If I win the bid at this price, my profit will be 34 - 23 = 11, which is still a positive profit. Therefore, I will stay in the bidding.",Bidder 1,34,23
0,"My value for the prize is 35, which is significantly higher than the current price of 24. Staying in the bidding is a good strategy to maximize my profit.",Bidder 0,35,24
0,"My value for the prize is 34, and the current price is 24. If I win the bid at this price, my profit will be 34 - 24 = 10, which is still a positive profit. Therefore, it makes sense to stay in the bidding for now.",Bidder 1,34,24
0,"My value for the prize is 35, and the current price is 25. Staying in the bidding still allows for a potential profit of 10 (35 - 25). Therefore, it is beneficial to continue bidding at this stage.",Bidder 0,35,25
0,"My value for the prize is 34, and the current price is 25. If I win the bid at this price, my profit will be 34 - 25 = 9, which is still a positive profit. Therefore, I will stay in the bidding.",Bidder 1,34,25
0,"Yes, I want to stay in the bidding. My value for the prize is 35, and the current price is 26. This means I can still make a profit of 35 - 26 = 9 if I win the bid.",Bidder 0,35,26
0,"I will stay in the bidding because my value for the prize is 34, and the current price is 26. This means I can still make a profit of 34 - 26 = 8 if I win the bid.",Bidder 1,34,26
0,"My value for the prize is 35, and the current price is 27. Staying in the bidding still allows for a potential profit of 8 (35 - 27). Therefore, it is beneficial to continue bidding at this point.",Bidder 0,35,27
0,"My value for the prize is 34, so I can still make a profit if I win the bid at this price. I will stay in the bidding.",Bidder 1,34,27
0,"My value for the prize is 35, and the current price is 28. If I win the bid at this price, my profit will be 35 - 28 = 7, which is still positive. Therefore, it makes sense to stay in the bidding for now.",Bidder 0,35,28
0,"My value for the prize is 34, and the current price is 28. If I win the bid at this price, my profit will be 34 - 28 = 6. Since this is still a positive profit, I will stay in the bidding.",Bidder 1,34,28
0,"My value for the prize is 35, and the current price is 29. If I win the bid at this price, my profit will be 35 - 29 = 6. Since this is still a positive profit, I will stay in the bidding.",Bidder 0,35,29
0,"My value for the prize is 34, and the current price is 29. If I win the bid at this price, my profit will be 34 - 29 = 5. Since I still have a positive profit margin, I will stay in the bidding.",Bidder 1,34,29
0,"My value for the prize is 35, and the current price is 30. Staying in the bidding still allows for a potential profit of 5 if I win.",Bidder 0,35,30
0,"My value for the prize is 34, and the current price is 30. If I win the bid at this price, my profit will be 34 - 30 = 4. Since this is still a positive profit, I will stay in the bidding.",Bidder 1,34,30
0,"I will stay in the bidding because my value for the prize is 35. The current price is 31, so I can still make a profit if I win the bid.",Bidder 0,35,31
0,"I will stay in the bidding because my value for the prize is 34, and the current price is 31. This means I can still make a profit of 3 if I win the bid.",Bidder 1,34,31
0,"My value for the prize is 35, so I can still make a profit if I win the bid at the current price of 32. Therefore, I will stay in the bidding.",Bidder 0,35,32
0,"My value for the prize is 34, and the current price is 32. If I win the bid at this price, my profit will be 34 - 32 = 2. Since I still have a positive profit margin, I will stay in the bidding.",Bidder 1,34,32
0,"I want to stay in the bidding because my value for the prize is 35, and the current price is 33. If I win the bid at this price, my profit will be 35 - 33 = 2, which is still a positive profit.",Bidder 0,35,33
0,"My value for the prize is 34, and the current price is 33. If I stay in the bidding and win at this price, my profit will be 34 - 33 = 1. Since I still have a positive profit, I will stay in the bidding.",Bidder 1,34,33
0,"My value for the prize is 35, and the current price is 34. If I win the bid at this price, my profit will be 35 - 34 = 1. Since I still have a positive profit, I will stay in the bidding.",Bidder 0,35,34
1,"My value for the prize is 34. If I stay in the bidding at the current price of 34, my profit would be 34 - 34 = 0. Since there is no profit to be made, it is better to drop out now.",Bidder 1,34,34
0,"My value for the prize is 23, which is higher than the current price of 10. Therefore, it makes sense to stay in the bidding to potentially win the prize at a profit.",Bidder 0,23,10
0,"My value for the prize is 15, which is higher than the current price of 10. Therefore, it makes sense to stay in the bidding for now.",Bidder 1,15,10
0,"My value for the prize is 23, which is higher than the current price of 10. Therefore, it makes sense to stay in the bidding to potentially win the prize and maximize my profit.",Bidder 2,23,10
0,"My value for the prize is 23, and the current price is only 11. It makes sense to stay in the bidding as there is still a significant margin for profit.",Bidder 0,23,11
0,"The current price is 11, which is still below my value of 15. Staying in the bidding at this point maximizes my chances of winning the prize while keeping potential profit in mind.",Bidder 1,15,11
0,"My value for the prize is 23, and the current price is only 11. Staying in the bidding is a good strategy to maximize my potential profit.",Bidder 2,23,11
0,"My value for the prize is 23, and the current price is only 12. Since the price is still significantly lower than my value, it makes sense to stay in the bidding to maximize my potential profit.",Bidder 0,23,12
0,"My value for the prize is 15, and the current price is 12. Since the current price is still below my value, it makes sense to stay in the bidding to maximize my potential profit.",Bidder 1,15,12
0,"My value for the prize is 23, and the current price is only 12. Since my value is significantly higher than the current price, it makes sense to stay in the bidding to maximize my potential profit.",Bidder 2,23,12
0,"My value for the prize is 23, which is significantly higher than the current price of 13. Staying in the bidding at this point maximizes my potential profit.",Bidder 0,23,13
0,"My value for the prize is 15, and the current price is 13. Since the current price is still below my value, I should stay in the bidding to maximize my potential profit.",Bidder 1,15,13
0,I will stay in the bidding because the current price of 13 is still significantly lower than my value of 23. This gives me a potential profit of 10 if I win at this price.,Bidder 2,23,13
0,I will stay in the bidding because the current price of 14 is still significantly lower than my value of 23. This gives me a potential profit of 9 if I win at this price.,Bidder 0,23,14
0,I will stay in the bidding because the current price of 14 is still below my value of 15. This means I can still potentially make a profit if I win the bid.,Bidder 1,15,14
0,I will stay in the bidding because the current price of 14 is still significantly lower than my value of 23. This gives me a potential profit of 9 if I win at this price.,Bidder 2,23,14
0,"My value for the prize is 23, and the current price is 15. Since my value is higher than the current price, I should stay in the bidding to maximize my potential profit.",Bidder 0,23,15
1,"My value for the prize is 15, and the current price is also 15. If I continue bidding, I will not make any profit, as my profit is calculated as my value for the prize minus the final bid. Therefore, it is best to drop out now to avoid a potential loss.",Bidder 1,15,15
0,I will stay in the bidding because the current price of 15 is still below my value of 23. This means I can still potentially make a profit if I win the bid.,Bidder 2,23,15
0,"I will stay in the bidding because my value for the prize is 23, and the current price is 16. This means I still have a potential profit of 7 if I win the bid.",Bidder 0,23,16
0,"I will stay in the bidding because my value for the prize is 23, and the current price is 16. This means I can still make a profit of 7 if I win the bid.",Bidder 2,23,16
0,"I will stay in the bidding because my value for the prize is 23, which is higher than the current price of 17. This means I can still make a profit if I win the bid.",Bidder 0,23,17
0,"I will stay in the bidding because my value for the prize is 23, and the current price is 17. This means I can still make a profit of 6 if I win the bid at this price.",Bidder 2,23,17
0,"I will stay in the bidding because my value for the prize is 23, and the current price is 18. There is still a potential profit to be made if I win the bid.",Bidder 0,23,18
0,"I will stay in the bidding because my value for the prize is 23, and the current price is 18. This means I can still make a profit if I win the bid.",Bidder 2,23,18
0,"I will stay in the bidding because my value for the prize is 23, and the current price is 19. This means I can still make a profit if I win the bid.",Bidder 0,23,19
0,"I will stay in the bidding because my value for the prize is 23, and the current price is 19. This means I can still make a profit of 4 if I win the bid.",Bidder 2,23,19
0,"I will stay in the bidding because my value for the prize is 23, and the current price is 20. This means I can still make a profit of 3 if I win the bid.",Bidder 0,23,20
0,"My value for the prize is 23, and the current price is 20. If I win the bid at this price, my profit will be 23 - 20 = 3. Since I can still make a profit, I will stay in the bidding.",Bidder 2,23,20
0,"I will stay in the bidding because my value for the prize is 23. The current price is 21, so I can still make a profit if I win the bid.",Bidder 0,23,21
0,"I will stay in the bidding because my value for the prize is 23, and the current price is 21. If I win at this price, my profit will be 23 - 21 = 2, which is still positive.",Bidder 2,23,21
0,"I will stay in the bidding because my value for the prize is 23, and the current price is 22. If I win at this price, my profit will be 1 (23 - 22).",Bidder 0,23,22
0,"My value for the prize is 23, and the current price is 22. If I stay in the bidding and win at this price, my profit will be 23 - 22 = 1. Since I still have a positive profit, I will stay in the bidding.",Bidder 2,23,22
1,"My value for the prize is 23. If I stay in the bidding and win at the current price of 23, my profit will be 0 (23 - 23 = 0). Since there is no profit to be made, it is better to drop out now.",Bidder 0,23,23
1,"My value for the prize is 23. If I stay in the bidding and win at the current price of 23, my profit will be 0 (23 - 23 = 0). Since there is no profit to be made, it is better to drop out now.",Bidder 2,23,23
0,"My value for the prize is 23, and the current price is 10. Since the current price is significantly lower than my value, it makes sense to stay in the bidding to maximize my potential profit.",Bidder 0,23,10
0,"My value for the prize is 29, which is significantly higher than the current price of 10. Staying in the bidding at this point maximizes my potential profit.",Bidder 1,29,10
0,"My value for the prize is 26, which is significantly higher than the current price of 10. Staying in the bidding at this point maximizes my potential profit.",Bidder 2,26,10
0,"My value for the prize is 23, and the current price is only 11. Staying in the bidding is a good strategy to maximize my profit, as there is still a significant margin between my value and the current price.",Bidder 0,23,11
0,"My value for the prize is 29, which is significantly higher than the current price of 11. Staying in the bidding at this point maximizes my potential profit.",Bidder 1,29,11
0,"My value for the prize is 26, and the current price is only 11. Staying in the bidding at this point maximizes my chances of winning the prize at a profitable price.",Bidder 2,26,11
0,"My value for the prize is 23, and the current price is only 12. Since the price is still significantly lower than my value, it makes sense to stay in the bidding to maximize my potential profit.",Bidder 0,23,12
0,"My value for the prize is 29, which is significantly higher than the current price of 12. Staying in the bidding at this point maximizes my potential profit.",Bidder 1,29,12
0,"My value for the prize is 26, and the current price is only 12. Since the price is still well below my value, it makes sense to stay in the bidding to maximize my potential profit.",Bidder 2,26,12
0,I will stay in the bidding because the current price of 13 is still significantly lower than my value of 23. This gives me a potential profit of 10 if I win at this price.,Bidder 0,23,13
0,"My value for the prize is 29, which is significantly higher than the current price of 13. Staying in the bidding at this point maximizes my potential profit.",Bidder 1,29,13
0,"My value for the prize is 26, which is significantly higher than the current price of 13. Staying in the bidding at this stage maximizes my potential profit.",Bidder 2,26,13
0,"My value for the prize is 23, which is significantly higher than the current price of 14. Staying in the bidding at this stage maximizes my chances of winning the prize while still maintaining a good profit margin.",Bidder 0,23,14
0,"My value for the prize is 29, which is significantly higher than the current price of 14. Staying in the bidding at this point maximizes my potential profit.",Bidder 1,29,14
0,"My value for the prize is 26, which is significantly higher than the current price of 14. Staying in the bidding at this stage maximizes my chances of winning the prize at a profitable price.",Bidder 2,26,14
0,"I will stay in the bidding because my value for the prize is 23, and the current price is 15. There is still a potential profit to be made.",Bidder 0,23,15
0,"My value for the prize is 29, which is significantly higher than the current price of 15. Staying in the bidding at this stage maximizes my chances of winning the prize and making a profit.",Bidder 1,29,15
0,I will stay in the bidding because the current price of 15 is still below my value of 26. This means I can still make a profit if I win the bid.,Bidder 2,26,15
0,"My value for the prize is 23, and the current price is 16. Since my value is higher than the current price, I should stay in the bidding to maximize my potential profit.",Bidder 0,23,16
0,"My value for the prize is 29, which is significantly higher than the current price of 16. Staying in the bidding at this point maximizes my potential profit.",Bidder 1,29,16
0,I will stay in the bidding because the current price of 16 is still below my value of 26. This means I can still potentially make a profit if I win the auction.,Bidder 2,26,16
0,"I will stay in the bidding because my value for the prize is 23, and the current price is 17. This means I still have a potential profit of 6 if I win the bid.",Bidder 0,23,17
0,"I will stay in the bidding because my value for the prize is 29, which is significantly higher than the current price of 17. This gives me a good chance to make a profit if I win the auction.",Bidder 1,29,17
0,"I will stay in the bidding because my value for the prize is 26, and the current price is 17. This means I still have a potential profit of 9 if I win the bid at this price.",Bidder 2,26,17
0,"I will stay in the bidding because my value for the prize is 23, and the current price is 18. This means I still have a potential profit of 5 if I win the bid.",Bidder 0,23,18
0,"I will stay in the bidding because my value for the prize is 29, which is significantly higher than the current price of 18. This gives me a good chance to make a profit if I win the auction.",Bidder 1,29,18
0,"My value for the prize is 26, and the current price is 18. Since the price is still below my value, I should stay in the bidding to maximize my potential profit.",Bidder 2,26,18
0,"I will stay in the bidding because my value for the prize is 23, and the current price is 19. There is still a potential profit to be made if I win the bid.",Bidder 0,23,19
0,"My value for the prize is 29, which is significantly higher than the current price of 19. Staying in the bidding at this point maximizes my potential profit.",Bidder 1,29,19
0,"My value for the prize is 26, so I can still make a profit if I win the bid at the current price of 19. Therefore, I will stay in the bidding.",Bidder 2,26,19
0,"My value for the prize is 23, and the current price is 20. Staying in the bidding still allows for a potential profit of 3 if I win.",Bidder 0,23,20
0,"My value for the prize is 29, so I can still make a profit if I win the bid at the current price of 20. Therefore, I will stay in the bidding.",Bidder 1,29,20
0,"I will stay in the bidding because my value for the prize is 26, and the current price is 20. This means I still have a potential profit of 6 if I win the bid.",Bidder 2,26,20
0,"I will stay in the bidding because my value for the prize is 23, and the current price is 21. This means I can still make a profit if I win the bid.",Bidder 0,23,21
0,"My value for the prize is 29, so I can still make a profit if I win the bid at this price. I will stay in the bidding for now.",Bidder 1,29,21
0,"My value for the prize is 26, so I can still make a profit if I win the bid at this price. Therefore, I will stay in the bidding.",Bidder 2,26,21
0,"I will stay in the bidding because my value for the prize is 23, and the current price is 22. If I win at this price, my profit will be 1 (23 - 22).",Bidder 0,23,22
0,"I will stay in the bidding because my value for the prize is 29, and the current price is 22. There is still a potential profit to be made.",Bidder 1,29,22
0,"My value for the prize is 26, so I can still make a profit if I win the bid at this price. I will stay in the bidding for now.",Bidder 2,26,22
1,"My value for the prize is 23. If I stay in the bidding and win at the current price of 23, my profit will be 0 (23 - 23 = 0). Since there is no profit to be made, it is better to drop out now.",Bidder 0,23,23
0,"I will stay in the bidding because my value for the prize is 29, which is higher than the current price of 23. This means I still have a potential profit margin.",Bidder 1,29,23
0,"My value for the prize is 26, so I can still make a profit if I win the bid at the current price of 23. Therefore, I will stay in the bidding.",Bidder 2,26,23
0,"I will stay in the bidding because my value for the prize is 29, and the current price is 24. This means I can still make a profit if I win the bid.",Bidder 1,29,24
0,"My value for the prize is 26, and the current price is 24. If I win the bid at this price, my profit will be 26 - 24 = 2. Since I can still make a profit, I will stay in the bidding.",Bidder 2,26,24
0,"My value for the prize is 29, and the current price is 25. If I win the bid at this price, my profit will be 29 - 25 = 4. Since this is a positive profit, I will stay in the bidding.",Bidder 1,29,25
0,"I will stay in the bidding because my value for the prize is 26, and the current price is 25. If I win at this price, my profit will be 1 (26 - 25).",Bidder 2,26,25
0,"I will stay in the bidding because my value for the prize is 29, and the current price is 26. This means I can still make a profit if I win the bid.",Bidder 1,29,26
0,"My value for the prize is 26, so if I win the bid at 26, my profit will be 0. Since there is only one other bidder left, I will stay in the bidding to see if they drop out at the next increment.",Bidder 2,26,26
0,"I will stay in the bidding because my value for the prize is 29, and the current price is 27. This means I can still make a profit if I win the bid.",Bidder 1,29,27
1,"My value for the prize is 26. If I continue bidding at a price higher than 26, I will incur a loss. Therefore, it is not profitable for me to stay in the bidding.",Bidder 2,26,27
